market,date,rainfall_mm
mukono,2020-01-01,1.0
mukono,2020-01-02,2.0
mukono,2020-01-03,3.0
mukono,2020-01-04,4.0
mukono,2020-01-05,5.0
mukono,2020-01-06,6.0
mukono,2020-01-07,7.0
mukono,2020-01-08,8.0
mukono,2020-01-09,9.0
mukono,2020-01-10,10.0
mukono,2020-01-11,11.0
mukono,2020-01-12,12.0
mukono,2020-01-13,1.0
mukono,2020-01-14,2.0
mukono,2020-01-15,3.0
mukono,2020-01-16,4.0
mukono,2020-01-17,5.0
mukono,2020-01-18,6.0
mukono,2020-01-19,7.0
mukono,2020-01-20,8.0
mukono,2020-01-21,9.0
mukono,2020-01-22,10.0
mukono,2020-01-23,11.0
mukono,2020-01-24,12.0
mukono,2020-01-25,1.0
mukono,2020-01-26,2.0
mukono,2020-01-27,3.0
mukono,2020-01-28,4.0
mukono,2020-01-29,5.0
mukono,2020-01-30,6.0
mukono,2020-01-31,7.0
mukono,2020-02-01,8.0
mukono,2020-02-02,9.0
mukono,2020-02-03,10.0
mukono,2020-02-04,11.0
mukono,2020-02-05,12.0
mukono,2020-02-06,1.0
mukono,2020-02-07,2.0
mukono,2020-02-08,3.0
mukono,2020-02-09,4.0
mukono,2020-02-10,5.0
mukono,2020-02-11,6.0
mukono,2020-02-12,7.0
mukono,2020-02-13,8.0
mukono,2020-02-14,9.0
mukono,2020-02-15,10.0
mukono,2020-02-16,11.0
mukono,2020-02-17,12.0
mukono,2020-02-18,1.0
mukono,2020-02-19,2.0
mukono,2020-02-20,3.0
mukono,2020-02-21,4.0
mukono,2020-02-22,5.0
mukono,2020-02-23,6.0
mukono,2020-02-24,7.0
mukono,2020-02-25,8.0
mukono,2020-02-26,9.0
mukono,2020-02-27,10.0
mukono,2020-02-28,11.0
mukono,2020-02-29,12.0
mukono,2020-03-01,1.0
mukono,2020-03-02,2.0
mukono,2020-03-03,3.0
mukono,2020-03-04,4.0
mukono,2020-03-05,5.0
mukono,2020-03-06,6.0
mukono,2020-03-07,7.0
mukono,2020-03-08,8.0
mukono,2020-03-09,9.0
mukono,2020-03-10,10.0
mukono,2020-03-11,11.0
mukono,2020-03-12,12.0
mukono,2020-03-13,1.0
mukono,2020-03-14,2.0
mukono,2020-03-15,3.0
mukono,2020-03-16,4.0
mukono,2020-03-17,5.0
mukono,2020-03-18,6.0
mukono,2020-03-19,7.0
mukono,2020-03-20,8.0
mukono,2020-03-21,9.0
mukono,2020-03-22,10.0
mukono,2020-03-23,11.0
mukono,2020-03-24,12.0
mukono,2020-03-25,1.0
mukono,2020-03-26,2.0
mukono,2020-03-27,3.0
mukono,2020-03-28,4.0
mukono,2020-03-29,5.0
mukono,2020-03-30,6.0
mukono,2020-03-31,7.0
mukono,2020-04-01,8.0
mukono,2020-04-02,9.0
mukono,2020-04-03,10.0
mukono,2020-04-04,11.0
mukono,2020-04-05,12.0
mukono,2020-04-06,1.0
mukono,2020-04-07,2.0
mukono,2020-04-08,3.0
mukono,2020-04-09,4.0
mukono,2020-04-10,5.0
mukono,2020-04-11,6.0
mukono,2020-04-12,7.0
mukono,2020-04-13,8.0
mukono,2020-04-14,9.0
mukono,2020-04-15,10.0
mukono,2020-04-16,11.0
mukono,2020-04-17,12.0
mukono,2020-04-18,1.0
mukono,2020-04-19,2.0
mukono,2020-04-20,3.0
mukono,2020-04-21,4.0
mukono,2020-04-22,5.0
mukono,2020-04-23,6.0
mukono,2020-04-24,7.0
mukono,2020-04-25,8.0
mukono,2020-04-26,9.0
mukono,2020-04-27,10.0
mukono,2020-04-28,11.0
mukono,2020-04-29,12.0
mukono,2020-04-30,1.0
mukono,2020-05-01,2.0
mukono,2020-05-02,3.0
mukono,2020-05-03,4.0
mukono,2020-05-04,5.0
mukono,2020-05-05,6.0
mukono,2020-05-06,7.0
mukono,2020-05-07,8.0
mukono,2020-05-08,9.0
mukono,2020-05-09,10.0
mukono,2020-05-10,11.0
mukono,2020-05-11,12.0
mukono,2020-05-12,1.0
mukono,2020-05-13,2.0
mukono,2020-05-14,3.0
mukono,2020-05-15,4.0
mukono,2020-05-16,5.0
mukono,2020-05-17,6.0
mukono,2020-05-18,7.0
mukono,2020-05-19,8.0
mukono,2020-05-20,9.0
mukono,2020-05-21,10.0
mukono,2020-05-22,11.0
mukono,2020-05-23,12.0
mukono,2020-05-24,1.0
mukono,2020-05-25,2.0
mukono,2020-05-26,3.0
mukono,2020-05-27,4.0
mukono,2020-05-28,5.0
mukono,2020-05-29,6.0
mukono,2020-05-30,7.0
mukono,2020-05-31,8.0
mukono,2020-06-01,9.0
mukono,2020-06-02,10.0
mukono,2020-06-03,11.0
mukono,2020-06-04,12.0
mukono,2020-06-05,1.0
mukono,2020-06-06,2.0
mukono,2020-06-07,3.0
mukono,2020-06-08,4.0
mukono,2020-06-09,5.0
mukono,2020-06-10,6.0
mukono,2020-06-11,7.0
mukono,2020-06-12,8.0
mukono,2020-06-13,9.0
mukono,2020-06-14,10.0
mukono,2020-06-15,11.0
mukono,2020-06-16,12.0
mukono,2020-06-17,1.0
mukono,2020-06-18,2.0
mukono,2020-06-19,3.0
mukono,2020-06-20,4.0
mukono,2020-06-21,5.0
mukono,2020-06-22,6.0
mukono,2020-06-23,7.0
mukono,2020-06-24,8.0
mukono,2020-06-25,9.0
mukono,2020-06-26,10.0
mukono,2020-06-27,11.0
mukono,2020-06-28,12.0
mukono,2020-06-29,1.0
mukono,2020-06-30,2.0
mukono,2020-07-01,3.0
mukono,2020-07-02,4.0
mukono,2020-07-03,5.0
mukono,2020-07-04,6.0
mukono,2020-07-05,7.0
mukono,2020-07-06,8.0
mukono,2020-07-07,9.0
mukono,2020-07-08,10.0
mukono,2020-07-09,11.0
mukono,2020-07-10,12.0
mukono,2020-07-11,1.0
mukono,2020-07-12,2.0
mukono,2020-07-13,3.0
mukono,2020-07-14,4.0
mukono,2020-07-15,5.0
mukono,2020-07-16,6.0
mukono,2020-07-17,7.0
mukono,2020-07-18,8.0
mukono,2020-07-19,9.0
mukono,2020-07-20,10.0
mukono,2020-07-21,11.0
mukono,2020-07-22,12.0
mukono,2020-07-23,1.0
mukono,2020-07-24,2.0
mukono,2020-07-25,3.0
mukono,2020-07-26,4.0
mukono,2020-07-27,5.0
mukono,2020-07-28,6.0
mukono,2020-07-29,7.0
mukono,2020-07-30,8.0
mukono,2020-07-31,9.0
mukono,2020-08-01,10.0
mukono,2020-08-02,11.0
mukono,2020-08-03,12.0
mukono,2020-08-04,1.0
mukono,2020-08-05,2.0
mukono,2020-08-06,3.0
mukono,2020-08-07,4.0
mukono,2020-08-08,5.0
mukono,2020-08-09,6.0
mukono,2020-08-10,7.0
mukono,2020-08-11,8.0
mukono,2020-08-12,9.0
mukono,2020-08-13,10.0
mukono,2020-08-14,11.0
mukono,2020-08-15,12.0
mukono,2020-08-16,1.0
mukono,2020-08-17,2.0
mukono,2020-08-18,3.0
mukono,2020-08-19,4.0
mukono,2020-08-20,5.0
mukono,2020-08-21,6.0
mukono,2020-08-22,7.0
mukono,2020-08-23,8.0
mukono,2020-08-24,9.0
mukono,2020-08-25,10.0
mukono,2020-08-26,11.0
mukono,2020-08-27,12.0
mukono,2020-08-28,1.0
mukono,2020-08-29,2.0
mukono,2020-08-30,3.0
mukono,2020-08-31,4.0
mukono,2020-09-01,5.0
mukono,2020-09-02,6.0
mukono,2020-09-03,7.0
mukono,2020-09-04,8.0
mukono,2020-09-05,9.0
mukono,2020-09-06,10.0
mukono,2020-09-07,11.0
mukono,2020-09-08,12.0
mukono,2020-09-09,1.0
mukono,2020-09-10,2.0
mukono,2020-09-11,3.0
mukono,2020-09-12,4.0
mukono,2020-09-13,5.0
mukono,2020-09-14,6.0
mukono,2020-09-15,7.0
mukono,2020-09-16,8.0
mukono,2020-09-17,9.0
mukono,2020-09-18,10.0
mukono,2020-09-19,11.0
mukono,2020-09-20,12.0
mukono,2020-09-21,1.0
mukono,2020-09-22,2.0
mukono,2020-09-23,3.0
mukono,2020-09-24,4.0
mukono,2020-09-25,5.0
mukono,2020-09-26,6.0
mukono,2020-09-27,7.0
mukono,2020-09-28,8.0
mukono,2020-09-29,9.0
mukono,2020-09-30,10.0
mukono,2020-10-01,11.0
mukono,2020-10-02,12.0
mukono,2020-10-03,1.0
mukono,2020-10-04,2.0
mukono,2020-10-05,3.0
mukono,2020-10-06,4.0
mukono,2020-10-07,5.0
mukono,2020-10-08,6.0
mukono,2020-10-09,7.0
mukono,2020-10-10,8.0
mukono,2020-10-11,9.0
mukono,2020-10-12,10.0
mukono,2020-10-13,11.0
mukono,2020-10-14,12.0
mukono,2020-10-15,1.0
mukono,2020-10-16,2.0
mukono,2020-10-17,3.0
mukono,2020-10-18,4.0
mukono,2020-10-19,5.0
mukono,2020-10-20,6.0
mukono,2020-10-21,7.0
mukono,2020-10-22,8.0
mukono,2020-10-23,9.0
mukono,2020-10-24,10.0
mukono,2020-10-25,11.0
mukono,2020-10-26,12.0
mukono,2020-10-27,1.0
mukono,2020-10-28,2.0
mukono,2020-10-29,3.0
mukono,2020-10-30,4.0
mukono,2020-10-31,5.0
mukono,2020-11-01,6.0
mukono,2020-11-02,7.0
mukono,2020-11-03,8.0
mukono,2020-11-04,9.0
mukono,2020-11-05,10.0
mukono,2020-11-06,11.0
mukono,2020-11-07,12.0
mukono,2020-11-08,1.0
mukono,2020-11-09,2.0
mukono,2020-11-10,3.0
mukono,2020-11-11,4.0
mukono,2020-11-12,5.0
mukono,2020-11-13,6.0
mukono,2020-11-14,7.0
mukono,2020-11-15,8.0
mukono,2020-11-16,9.0
mukono,2020-11-17,10.0
mukono,2020-11-18,11.0
mukono,2020-11-19,12.0
mukono,2020-11-20,1.0
mukono,2020-11-21,2.0
mukono,2020-11-22,3.0
mukono,2020-11-23,4.0
mukono,2020-11-24,5.0
mukono,2020-11-25,6.0
mukono,2020-11-26,7.0
mukono,2020-11-27,8.0
mukono,2020-11-28,9.0
mukono,2020-11-29,10.0
mukono,2020-11-30,11.0
mukono,2020-12-01,12.0
mukono,2020-12-02,1.0
mukono,2020-12-03,2.0
mukono,2020-12-04,3.0
mukono,2020-12-05,4.0
mukono,2020-12-06,5.0
mukono,2020-12-07,6.0
mukono,2020-12-08,7.0
mukono,2020-12-09,8.0
mukono,2020-12-10,9.0
mukono,2020-12-11,10.0
mukono,2020-12-12,11.0
mukono,2020-12-13,12.0
mukono,2020-12-14,1.0
mukono,2020-12-15,2.0
mukono,2020-12-16,3.0
mukono,2020-12-17,4.0
mukono,2020-12-18,5.0
mukono,2020-12-19,6.0
mukono,2020-12-20,7.0
mukono,2020-12-21,8.0
mukono,2020-12-22,9.0
mukono,2020-12-23,10.0
mukono,2020-12-24,11.0
mukono,2020-12-25,12.0
mukono,2020-12-26,1.0
mukono,2020-12-27,2.0
mukono,2020-12-28,3.0
mukono,2020-12-29,4.0
mukono,2020-12-30,5.0
mukono,2020-12-31,6.0
mukono,2021-01-01,7.0
mukono,2021-01-02,8.0
mukono,2021-01-03,9.0
mukono,2021-01-04,10.0
mukono,2021-01-05,11.0
mukono,2021-01-06,12.0
mukono,2021-01-07,1.0
mukono,2021-01-08,2.0
mukono,2021-01-09,3.0
mukono,2021-01-10,4.0
mukono,2021-01-11,5.0
mukono,2021-01-12,6.0
mukono,2021-01-13,7.0
mukono,2021-01-14,8.0
mukono,2021-01-15,9.0
mukono,2021-01-16,10.0
mukono,2021-01-17,11.0
mukono,2021-01-18,12.0
mukono,2021-01-19,1.0
mukono,2021-01-20,2.0
mukono,2021-01-21,3.0
mukono,2021-01-22,4.0
mukono,2021-01-23,5.0
mukono,2021-01-24,6.0
mukono,2021-01-25,7.0
mukono,2021-01-26,8.0
mukono,2021-01-27,9.0
mukono,2021-01-28,10.0
mukono,2021-01-29,11.0
mukono,2021-01-30,12.0
mukono,2021-01-31,1.0
mukono,2021-02-01,2.0
mukono,2021-02-02,3.0
mukono,2021-02-03,4.0
mukono,2021-02-04,5.0
mukono,2021-02-05,6.0
mukono,2021-02-06,7.0
mukono,2021-02-07,8.0
mukono,2021-02-08,9.0
mukono,2021-02-09,10.0
mukono,2021-02-10,11.0
mukono,2021-02-11,12.0
mukono,2021-02-12,1.0
mukono,2021-02-13,2.0
mukono,2021-02-14,3.0
mukono,2021-02-15,4.0
mukono,2021-02-16,5.0
mukono,2021-02-17,6.0
mukono,2021-02-18,7.0
mukono,2021-02-19,8.0
mukono,2021-02-20,9.0
mukono,2021-02-21,10.0
mukono,2021-02-22,11.0
mukono,2021-02-23,12.0
mukono,2021-02-24,1.0
mukono,2021-02-25,2.0
mukono,2021-02-26,3.0
mukono,2021-02-27,4.0
mukono,2021-02-28,5.0
mukono,2021-03-01,6.0
mukono,2021-03-02,7.0
mukono,2021-03-03,8.0
mukono,2021-03-04,9.0
mukono,2021-03-05,10.0
mukono,2021-03-06,11.0
mukono,2021-03-07,12.0
mukono,2021-03-08,1.0
mukono,2021-03-09,2.0
mukono,2021-03-10,3.0
mukono,2021-03-11,4.0
mukono,2021-03-12,5.0
mukono,2021-03-13,6.0
mukono,2021-03-14,7.0
mukono,2021-03-15,8.0
mukono,2021-03-16,9.0
mukono,2021-03-17,10.0
mukono,2021-03-18,11.0
mukono,2021-03-19,12.0
mukono,2021-03-20,1.0
mukono,2021-03-21,2.0
mukono,2021-03-22,3.0
mukono,2021-03-23,4.0
mukono,2021-03-24,5.0
mukono,2021-03-25,6.0
mukono,2021-03-26,7.0
mukono,2021-03-27,8.0
mukono,2021-03-28,9.0
mukono,2021-03-29,10.0
mukono,2021-03-30,11.0
mukono,2021-03-31,12.0
mukono,2021-04-01,1.0
mukono,2021-04-02,2.0
mukono,2021-04-03,3.0
mukono,2021-04-04,4.0
mukono,2021-04-05,5.0
mukono,2021-04-06,6.0
mukono,2021-04-07,7.0
mukono,2021-04-08,8.0
mukono,2021-04-09,9.0
mukono,2021-04-10,10.0
mukono,2021-04-11,11.0
mukono,2021-04-12,12.0
mukono,2021-04-13,1.0
mukono,2021-04-14,2.0
mukono,2021-04-15,3.0
mukono,2021-04-16,4.0
mukono,2021-04-17,5.0
mukono,2021-04-18,6.0
mukono,2021-04-19,7.0
mukono,2021-04-20,8.0
mukono,2021-04-21,9.0
mukono,2021-04-22,10.0
mukono,2021-04-23,11.0
mukono,2021-04-24,12.0
mukono,2021-04-25,1.0
mukono,2021-04-26,2.0
mukono,2021-04-27,3.0
mukono,2021-04-28,4.0
mukono,2021-04-29,5.0
mukono,2021-04-30,6.0
mukono,2021-05-01,7.0
mukono,2021-05-02,8.0
mukono,2021-05-03,9.0
mukono,2021-05-04,10.0
mukono,2021-05-05,11.0
mukono,2021-05-06,12.0
mukono,2021-05-07,1.0
mukono,2021-05-08,2.0
mukono,2021-05-09,3.0
mukono,2021-05-10,4.0
mukono,2021-05-11,5.0
mukono,2021-05-12,6.0
mukono,2021-05-13,7.0
mukono,2021-05-14,8.0
mukono,2021-05-15,9.0
mukono,2021-05-16,10.0
mukono,2021-05-17,11.0
mukono,2021-05-18,12.0
mukono,2021-05-19,1.0
mukono,2021-05-20,2.0
mukono,2021-05-21,3.0
mukono,2021-05-22,4.0
mukono,2021-05-23,5.0
mukono,2021-05-24,6.0
mukono,2021-05-25,7.0
mukono,2021-05-26,8.0
mukono,2021-05-27,9.0
mukono,2021-05-28,10.0
mukono,2021-05-29,11.0
mukono,2021-05-30,12.0
mukono,2021-05-31,1.0
mukono,2021-06-01,2.0
mukono,2021-06-02,3.0
mukono,2021-06-03,4.0
mukono,2021-06-04,5.0
mukono,2021-06-05,6.0
mukono,2021-06-06,7.0
mukono,2021-06-07,8.0
mukono,2021-06-08,9.0
mukono,2021-06-09,10.0
mukono,2021-06-10,11.0
mukono,2021-06-11,12.0
mukono,2021-06-12,1.0
mukono,2021-06-13,2.0
mukono,2021-06-14,3.0
mukono,2021-06-15,4.0
mukono,2021-06-16,5.0
mukono,2021-06-17,6.0
mukono,2021-06-18,7.0
mukono,2021-06-19,8.0
mukono,2021-06-20,9.0
mukono,2021-06-21,10.0
mukono,2021-06-22,11.0
mukono,2021-06-23,12.0
mukono,2021-06-24,1.0
mukono,2021-06-25,2.0
mukono,2021-06-26,3.0
mukono,2021-06-27,4.0
mukono,2021-06-28,5.0
mukono,2021-06-29,6.0
mukono,2021-06-30,7.0
mukono,2021-07-01,8.0
mukono,2021-07-02,9.0
mukono,2021-07-03,10.0
mukono,2021-07-04,11.0
mukono,2021-07-05,12.0
mukono,2021-07-06,1.0
mukono,2021-07-07,2.0
mukono,2021-07-08,3.0
mukono,2021-07-09,4.0
mukono,2021-07-10,5.0
mukono,2021-07-11,6.0
mukono,2021-07-12,7.0
mukono,2021-07-13,8.0
mukono,2021-07-14,9.0
mukono,2021-07-15,10.0
mukono,2021-07-16,11.0
mukono,2021-07-17,12.0
mukono,2021-07-18,1.0
mukono,2021-07-19,2.0
mukono,2021-07-20,3.0
mukono,2021-07-21,4.0
mukono,2021-07-22,5.0
mukono,2021-07-23,6.0
mukono,2021-07-24,7.0
mukono,2021-07-25,8.0
mukono,2021-07-26,9.0
mukono,2021-07-27,10.0
mukono,2021-07-28,11.0
mukono,2021-07-29,12.0
mukono,2021-07-30,1.0
mukono,2021-07-31,2.0
mukono,2021-08-01,3.0
mukono,2021-08-02,4.0
mukono,2021-08-03,5.0
mukono,2021-08-04,6.0
mukono,2021-08-05,7.0
mukono,2021-08-06,8.0
mukono,2021-08-07,9.0
mukono,2021-08-08,10.0
mukono,2021-08-09,11.0
mukono,2021-08-10,12.0
mukono,2021-08-11,1.0
mukono,2021-08-12,2.0
mukono,2021-08-13,3.0
mukono,2021-08-14,4.0
mukono,2021-08-15,5.0
mukono,2021-08-16,6.0
mukono,2021-08-17,7.0
mukono,2021-08-18,8.0
mukono,2021-08-19,9.0
mukono,2021-08-20,10.0
mukono,2021-08-21,11.0
mukono,2021-08-22,12.0
mukono,2021-08-23,1.0
mukono,2021-08-24,2.0
mukono,2021-08-25,3.0
mukono,2021-08-26,4.0
mukono,2021-08-27,5.0
mukono,2021-08-28,6.0
mukono,2021-08-29,7.0
mukono,2021-08-30,8.0
mukono,2021-08-31,9.0
mukono,2021-09-01,10.0
mukono,2021-09-02,11.0
mukono,2021-09-03,12.0
mukono,2021-09-04,1.0
mukono,2021-09-05,2.0
mukono,2021-09-06,3.0
mukono,2021-09-07,4.0
mukono,2021-09-08,5.0
mukono,2021-09-09,6.0
mukono,2021-09-10,7.0
mukono,2021-09-11,8.0
mukono,2021-09-12,9.0
mukono,2021-09-13,10.0
mukono,2021-09-14,11.0
mukono,2021-09-15,12.0
mukono,2021-09-16,1.0
mukono,2021-09-17,2.0
mukono,2021-09-18,3.0
mukono,2021-09-19,4.0
mukono,2021-09-20,5.0
mukono,2021-09-21,6.0
mukono,2021-09-22,7.0
mukono,2021-09-23,8.0
mukono,2021-09-24,9.0
mukono,2021-09-25,10.0
mukono,2021-09-26,11.0
mukono,2021-09-27,12.0
mukono,2021-09-28,1.0
mukono,2021-09-29,2.0
mukono,2021-09-30,3.0
mukono,2021-10-01,4.0
mukono,2021-10-02,5.0
mukono,2021-10-03,6.0
mukono,2021-10-04,7.0
mukono,2021-10-05,8.0
mukono,2021-10-06,9.0
mukono,2021-10-07,10.0
mukono,2021-10-08,11.0
mukono,2021-10-09,12.0
mukono,2021-10-10,1.0
mukono,2021-10-11,2.0
mukono,2021-10-12,3.0
mukono,2021-10-13,4.0
mukono,2021-10-14,5.0
mukono,2021-10-15,6.0
mukono,2021-10-16,7.0
mukono,2021-10-17,8.0
mukono,2021-10-18,9.0
mukono,2021-10-19,10.0
mukono,2021-10-20,11.0
mukono,2021-10-21,12.0
mukono,2021-10-22,1.0
mukono,2021-10-23,2.0
mukono,2021-10-24,3.0
mukono,2021-10-25,4.0
mukono,2021-10-26,5.0
mukono,2021-10-27,6.0
mukono,2021-10-28,7.0
mukono,2021-10-29,8.0
mukono,2021-10-30,9.0
mukono,2021-10-31,10.0
mukono,2021-11-01,11.0
mukono,2021-11-02,12.0
mukono,2021-11-03,1.0
mukono,2021-11-04,2.0
mukono,2021-11-05,3.0
mukono,2021-11-06,4.0
mukono,2021-11-07,5.0
mukono,2021-11-08,6.0
mukono,2021-11-09,7.0
mukono,2021-11-10,8.0
mukono,2021-11-11,9.0
mukono,2021-11-12,10.0
mukono,2021-11-13,11.0
mukono,2021-11-14,12.0
mukono,2021-11-15,1.0
mukono,2021-11-16,2.0
mukono,2021-11-17,3.0
mukono,2021-11-18,4.0
mukono,2021-11-19,5.0
mukono,2021-11-20,6.0
mukono,2021-11-21,7.0
mukono,2021-11-22,8.0
mukono,2021-11-23,9.0
mukono,2021-11-24,10.0
mukono,2021-11-25,11.0
mukono,2021-11-26,12.0
mukono,2021-11-27,1.0
mukono,2021-11-28,2.0
mukono,2021-11-29,3.0
mukono,2021-11-30,4.0
mukono,2021-12-01,5.0
mukono,2021-12-02,6.0
mukono,2021-12-03,7.0
mukono,2021-12-04,8.0
mukono,2021-12-05,9.0
mukono,2021-12-06,10.0
mukono,2021-12-07,11.0
mukono,2021-12-08,12.0
mukono,2021-12-09,1.0
mukono,2021-12-10,2.0
mukono,2021-12-11,3.0
mukono,2021-12-12,4.0
mukono,2021-12-13,5.0
mukono,2021-12-14,6.0
mukono,2021-12-15,7.0
mukono,2021-12-16,8.0
mukono,2021-12-17,9.0
mukono,2021-12-18,10.0
mukono,2021-12-19,11.0
mukono,2021-12-20,12.0
mukono,2021-12-21,1.0
mukono,2021-12-22,2.0
mukono,2021-12-23,3.0
mukono,2021-12-24,4.0
mukono,2021-12-25,5.0
mukono,2021-12-26,6.0
mukono,2021-12-27,7.0
mukono,2021-12-28,8.0
mukono,2021-12-29,9.0
mukono,2021-12-30,10.0
mukono,2021-12-31,11.0
mukono,2022-01-01,12.0
mukono,2022-01-02,1.0
mukono,2022-01-03,2.0
mukono,2022-01-04,3.0
mukono,2022-01-05,4.0
mukono,2022-01-06,5.0
mukono,2022-01-07,6.0
mukono,2022-01-08,7.0
mukono,2022-01-09,8.0
mukono,2022-01-10,9.0
mukono,2022-01-11,10.0
mukono,2022-01-12,11.0
mukono,2022-01-13,12.0
mukono,2022-01-14,1.0
mukono,2022-01-15,2.0
mukono,2022-01-16,3.0
mukono,2022-01-17,4.0
mukono,2022-01-18,5.0
mukono,2022-01-19,6.0
mukono,2022-01-20,7.0
mukono,2022-01-21,8.0
mukono,2022-01-22,9.0
mukono,2022-01-23,10.0
mukono,2022-01-24,11.0
mukono,2022-01-25,12.0
mukono,2022-01-26,1.0
mukono,2022-01-27,2.0
mukono,2022-01-28,3.0
mukono,2022-01-29,4.0
mukono,2022-01-30,5.0
mukono,2022-01-31,6.0
mukono,2022-02-01,7.0
mukono,2022-02-02,8.0
mukono,2022-02-03,9.0
mukono,2022-02-04,10.0
mukono,2022-02-05,11.0
mukono,2022-02-06,12.0
mukono,2022-02-07,1.0
mukono,2022-02-08,2.0
mukono,2022-02-09,3.0
mukono,2022-02-10,4.0
mukono,2022-02-11,5.0
mukono,2022-02-12,6.0
mukono,2022-02-13,7.0
mukono,2022-02-14,8.0
mukono,2022-02-15,9.0
mukono,2022-02-16,10.0
mukono,2022-02-17,11.0
mukono,2022-02-18,12.0
mukono,2022-02-19,1.0
mukono,2022-02-20,2.0
mukono,2022-02-21,3.0
mukono,2022-02-22,4.0
mukono,2022-02-23,5.0
mukono,2022-02-24,6.0
mukono,2022-02-25,7.0
mukono,2022-02-26,8.0
mukono,2022-02-27,9.0
mukono,2022-02-28,10.0
mukono,2022-03-01,11.0
mukono,2022-03-02,12.0
mukono,2022-03-03,1.0
mukono,2022-03-04,2.0
mukono,2022-03-05,3.0
mukono,2022-03-06,4.0
mukono,2022-03-07,5.0
mukono,2022-03-08,6.0
mukono,2022-03-09,7.0
mukono,2022-03-10,8.0
mukono,2022-03-11,9.0
mukono,2022-03-12,10.0
mukono,2022-03-13,11.0
mukono,2022-03-14,12.0
mukono,2022-03-15,1.0
mukono,2022-03-16,2.0
mukono,2022-03-17,3.0
mukono,2022-03-18,4.0
mukono,2022-03-19,5.0
mukono,2022-03-20,6.0
mukono,2022-03-21,7.0
mukono,2022-03-22,8.0
mukono,2022-03-23,9.0
mukono,2022-03-24,10.0
mukono,2022-03-25,11.0
mukono,2022-03-26,12.0
mukono,2022-03-27,1.0
mukono,2022-03-28,2.0
mukono,2022-03-29,3.0
mukono,2022-03-30,4.0
mukono,2022-03-31,5.0
mukono,2022-04-01,6.0
mukono,2022-04-02,7.0
mukono,2022-04-03,8.0
mukono,2022-04-04,9.0
mukono,2022-04-05,10.0
mukono,2022-04-06,11.0
mukono,2022-04-07,12.0
mukono,2022-04-08,1.0
mukono,2022-04-09,2.0
mukono,2022-04-10,3.0
mukono,2022-04-11,4.0
mukono,2022-04-12,5.0
mukono,2022-04-13,6.0
mukono,2022-04-14,7.0
mukono,2022-04-15,8.0
mukono,2022-04-16,9.0
mukono,2022-04-17,10.0
mukono,2022-04-18,11.0
mukono,2022-04-19,12.0
mukono,2022-04-20,1.0
mukono,2022-04-21,2.0
mukono,2022-04-22,3.0
mukono,2022-04-23,4.0
mukono,2022-04-24,5.0
mukono,2022-04-25,6.0
mukono,2022-04-26,7.0
mukono,2022-04-27,8.0
mukono,2022-04-28,9.0
mukono,2022-04-29,10.0
mukono,2022-04-30,11.0
mukono,2022-05-01,12.0
mukono,2022-05-02,1.0
mukono,2022-05-03,2.0
mukono,2022-05-04,3.0
mukono,2022-05-05,4.0
mukono,2022-05-06,5.0
mukono,2022-05-07,6.0
mukono,2022-05-08,7.0
mukono,2022-05-09,8.0
mukono,2022-05-10,9.0
mukono,2022-05-11,10.0
mukono,2022-05-12,11.0
mukono,2022-05-13,12.0
mukono,2022-05-14,1.0
mukono,2022-05-15,2.0
mukono,2022-05-16,3.0
mukono,2022-05-17,4.0
mukono,2022-05-18,5.0
mukono,2022-05-19,6.0
mukono,2022-05-20,7.0
mukono,2022-05-21,8.0
mukono,2022-05-22,9.0
mukono,2022-05-23,10.0
mukono,2022-05-24,11.0
mukono,2022-05-25,12.0
mukono,2022-05-26,1.0
mukono,2022-05-27,2.0
mukono,2022-05-28,3.0
mukono,2022-05-29,4.0
mukono,2022-05-30,5.0
mukono,2022-05-31,6.0
mukono,2022-06-01,7.0
mukono,2022-06-02,8.0
mukono,2022-06-03,9.0
mukono,2022-06-04,10.0
mukono,2022-06-05,11.0
mukono,2022-06-06,12.0
mukono,2022-06-07,1.0
mukono,2022-06-08,2.0
mukono,2022-06-09,3.0
mukono,2022-06-10,4.0
mukono,2022-06-11,5.0
mukono,2022-06-12,6.0
mukono,2022-06-13,7.0
mukono,2022-06-14,8.0
mukono,2022-06-15,9.0
mukono,2022-06-16,10.0
mukono,2022-06-17,11.0
mukono,2022-06-18,12.0
mukono,2022-06-19,1.0
mukono,2022-06-20,2.0
mukono,2022-06-21,3.0
mukono,2022-06-22,4.0
mukono,2022-06-23,5.0
mukono,2022-06-24,6.0
mukono,2022-06-25,7.0
mukono,2022-06-26,8.0
mukono,2022-06-27,9.0
mukono,2022-06-28,10.0
mukono,2022-06-29,11.0
mukono,2022-06-30,12.0
bwais,2020-01-01,1.7
bwais,2020-01-02,3.4
bwais,2020-01-03,5.1
bwais,2020-01-04,6.8
bwais,2020-01-05,8.5
bwais,2020-01-06,10.2
bwais,2020-01-07,11.9
bwais,2020-01-08,13.6
bwais,2020-01-09,15.3
bwais,2020-01-10,17.0
bwais,2020-01-11,18.7
bwais,2020-01-12,20.4
bwais,2020-01-13,1.7
bwais,2020-01-14,3.4
bwais,2020-01-15,5.1
bwais,2020-01-16,6.8
bwais,2020-01-17,8.5
bwais,2020-01-18,10.2
bwais,2020-01-19,11.9
bwais,2020-01-20,13.6
bwais,2020-01-21,15.3
bwais,2020-01-22,17.0
bwais,2020-01-23,18.7
bwais,2020-01-24,20.4
bwais,2020-01-25,1.7
bwais,2020-01-26,3.4
bwais,2020-01-27,5.1
bwais,2020-01-28,6.8
bwais,2020-01-29,8.5
bwais,2020-01-30,10.2
bwais,2020-01-31,11.9
bwais,2020-02-01,13.6
bwais,2020-02-02,15.3
bwais,2020-02-03,17.0
bwais,2020-02-04,18.7
bwais,2020-02-05,20.4
bwais,2020-02-06,1.7
bwais,2020-02-07,3.4
bwais,2020-02-08,5.1
bwais,2020-02-09,6.8
bwais,2020-02-10,8.5
bwais,2020-02-11,10.2
bwais,2020-02-12,11.9
bwais,2020-02-13,13.6
bwais,2020-02-14,15.3
bwais,2020-02-15,17.0
bwais,2020-02-16,18.7
bwais,2020-02-17,20.4
bwais,2020-02-18,1.7
bwais,2020-02-19,3.4
bwais,2020-02-20,5.1
bwais,2020-02-21,6.8
bwais,2020-02-22,8.5
bwais,2020-02-23,10.2
bwais,2020-02-24,11.9
bwais,2020-02-25,13.6
bwais,2020-02-26,15.3
bwais,2020-02-27,17.0
bwais,2020-02-28,18.7
bwais,2020-02-29,20.4
bwais,2020-03-01,1.7
bwais,2020-03-02,3.4
bwais,2020-03-03,5.1
bwais,2020-03-04,6.8
bwais,2020-03-05,8.5
bwais,2020-03-06,10.2
bwais,2020-03-07,11.9
bwais,2020-03-08,13.6
bwais,2020-03-09,15.3
bwais,2020-03-10,17.0
bwais,2020-03-11,18.7
bwais,2020-03-12,20.4
bwais,2020-03-13,1.7
bwais,2020-03-14,3.4
bwais,2020-03-15,5.1
bwais,2020-03-16,6.8
bwais,2020-03-17,8.5
bwais,2020-03-18,10.2
bwais,2020-03-19,11.9
bwais,2020-03-20,13.6
bwais,2020-03-21,15.3
bwais,2020-03-22,17.0
bwais,2020-03-23,18.7
bwais,2020-03-24,20.4
bwais,2020-03-25,1.7
bwais,2020-03-26,3.4
bwais,2020-03-27,5.1
bwais,2020-03-28,6.8
bwais,2020-03-29,8.5
bwais,2020-03-30,10.2
bwais,2020-03-31,11.9
bwais,2020-04-01,13.6
bwais,2020-04-02,15.3
bwais,2020-04-03,17.0
bwais,2020-04-04,18.7
bwais,2020-04-05,20.4
bwais,2020-04-06,1.7
bwais,2020-04-07,3.4
bwais,2020-04-08,5.1
bwais,2020-04-09,6.8
bwais,2020-04-10,8.5
bwais,2020-04-11,10.2
bwais,2020-04-12,11.9
bwais,2020-04-13,13.6
bwais,2020-04-14,15.3
bwais,2020-04-15,17.0
bwais,2020-04-16,18.7
bwais,2020-04-17,20.4
bwais,2020-04-18,1.7
bwais,2020-04-19,3.4
bwais,2020-04-20,5.1
bwais,2020-04-21,6.8
bwais,2020-04-22,8.5
bwais,2020-04-23,10.2
bwais,2020-04-24,11.9
bwais,2020-04-25,13.6
bwais,2020-04-26,15.3
bwais,2020-04-27,17.0
bwais,2020-04-28,18.7
bwais,2020-04-29,20.4
bwais,2020-04-30,1.7
bwais,2020-05-01,3.4
bwais,2020-05-02,5.1
bwais,2020-05-03,6.8
bwais,2020-05-04,8.5
bwais,2020-05-05,10.2
bwais,2020-05-06,11.9
bwais,2020-05-07,13.6
bwais,2020-05-08,15.3
bwais,2020-05-09,17.0
bwais,2020-05-10,18.7
bwais,2020-05-11,20.4
bwais,2020-05-12,1.7
bwais,2020-05-13,3.4
bwais,2020-05-14,5.1
bwais,2020-05-15,6.8
bwais,2020-05-16,8.5
bwais,2020-05-17,10.2
bwais,2020-05-18,11.9
bwais,2020-05-19,13.6
bwais,2020-05-20,15.3
bwais,2020-05-21,17.0
bwais,2020-05-22,18.7
bwais,2020-05-23,20.4
bwais,2020-05-24,1.7
bwais,2020-05-25,3.4
bwais,2020-05-26,5.1
bwais,2020-05-27,6.8
bwais,2020-05-28,8.5
bwais,2020-05-29,10.2
bwais,2020-05-30,11.9
bwais,2020-05-31,13.6
bwais,2020-06-01,15.3
bwais,2020-06-02,17.0
bwais,2020-06-03,18.7
bwais,2020-06-04,20.4
bwais,2020-06-05,1.7
bwais,2020-06-06,3.4
bwais,2020-06-07,5.1
bwais,2020-06-08,6.8
bwais,2020-06-09,8.5
bwais,2020-06-10,10.2
bwais,2020-06-11,11.9
bwais,2020-06-12,13.6
bwais,2020-06-13,15.3
bwais,2020-06-14,17.0
bwais,2020-06-15,18.7
bwais,2020-06-16,20.4
bwais,2020-06-17,1.7
bwais,2020-06-18,3.4
bwais,2020-06-19,5.1
bwais,2020-06-20,6.8
bwais,2020-06-21,8.5
bwais,2020-06-22,10.2
bwais,2020-06-23,11.9
bwais,2020-06-24,13.6
bwais,2020-06-25,15.3
bwais,2020-06-26,17.0
bwais,2020-06-27,18.7
bwais,2020-06-28,20.4
bwais,2020-06-29,1.7
bwais,2020-06-30,3.4
bwais,2020-07-01,5.1
bwais,2020-07-02,6.8
bwais,2020-07-03,8.5
bwais,2020-07-04,10.2
bwais,2020-07-05,11.9
bwais,2020-07-06,13.6
bwais,2020-07-07,15.3
bwais,2020-07-08,17.0
bwais,2020-07-09,18.7
bwais,2020-07-10,20.4
bwais,2020-07-11,1.7
bwais,2020-07-12,3.4
bwais,2020-07-13,5.1
bwais,2020-07-14,6.8
bwais,2020-07-15,8.5
bwais,2020-07-16,10.2
bwais,2020-07-17,11.9
bwais,2020-07-18,13.6
bwais,2020-07-19,15.3
bwais,2020-07-20,17.0
bwais,2020-07-21,18.7
bwais,2020-07-22,20.4
bwais,2020-07-23,1.7
bwais,2020-07-24,3.4
bwais,2020-07-25,5.1
bwais,2020-07-26,6.8
bwais,2020-07-27,8.5
bwais,2020-07-28,10.2
bwais,2020-07-29,11.9
bwais,2020-07-30,13.6
bwais,2020-07-31,15.3
bwais,2020-08-01,17.0
bwais,2020-08-02,18.7
bwais,2020-08-03,20.4
bwais,2020-08-04,1.7
bwais,2020-08-05,3.4
bwais,2020-08-06,5.1
bwais,2020-08-07,6.8
bwais,2020-08-08,8.5
bwais,2020-08-09,10.2
bwais,2020-08-10,11.9
bwais,2020-08-11,13.6
bwais,2020-08-12,15.3
bwais,2020-08-13,17.0
bwais,2020-08-14,18.7
bwais,2020-08-15,20.4
bwais,2020-08-16,1.7
bwais,2020-08-17,3.4
bwais,2020-08-18,5.1
bwais,2020-08-19,6.8
bwais,2020-08-20,8.5
bwais,2020-08-21,10.2
bwais,2020-08-22,11.9
bwais,2020-08-23,13.6
bwais,2020-08-24,15.3
bwais,2020-08-25,17.0
bwais,2020-08-26,18.7
bwais,2020-08-27,20.4
bwais,2020-08-28,1.7
bwais,2020-08-29,3.4
bwais,2020-08-30,5.1
bwais,2020-08-31,6.8
bwais,2020-09-01,8.5
bwais,2020-09-02,10.2
bwais,2020-09-03,11.9
bwais,2020-09-04,13.6
bwais,2020-09-05,15.3
bwais,2020-09-06,17.0
bwais,2020-09-07,18.7
bwais,2020-09-08,20.4
bwais,2020-09-09,1.7
bwais,2020-09-10,3.4
bwais,2020-09-11,5.1
bwais,2020-09-12,6.8
bwais,2020-09-13,8.5
bwais,2020-09-14,10.2
bwais,2020-09-15,11.9
bwais,2020-09-16,13.6
bwais,2020-09-17,15.3
bwais,2020-09-18,17.0
bwais,2020-09-19,18.7
bwais,2020-09-20,20.4
bwais,2020-09-21,1.7
bwais,2020-09-22,3.4
bwais,2020-09-23,5.1
bwais,2020-09-24,6.8
bwais,2020-09-25,8.5
bwais,2020-09-26,10.2
bwais,2020-09-27,11.9
bwais,2020-09-28,13.6
bwais,2020-09-29,15.3
bwais,2020-09-30,17.0
bwais,2020-10-01,18.7
bwais,2020-10-02,20.4
bwais,2020-10-03,1.7
bwais,2020-10-04,3.4
bwais,2020-10-05,5.1
bwais,2020-10-06,6.8
bwais,2020-10-07,8.5
bwais,2020-10-08,10.2
bwais,2020-10-09,11.9
bwais,2020-10-10,13.6
bwais,2020-10-11,15.3
bwais,2020-10-12,17.0
bwais,2020-10-13,18.7
bwais,2020-10-14,20.4
bwais,2020-10-15,1.7
bwais,2020-10-16,3.4
bwais,2020-10-17,5.1
bwais,2020-10-18,6.8
bwais,2020-10-19,8.5
bwais,2020-10-20,10.2
bwais,2020-10-21,11.9
bwais,2020-10-22,13.6
bwais,2020-10-23,15.3
bwais,2020-10-24,17.0
bwais,2020-10-25,18.7
bwais,2020-10-26,20.4
bwais,2020-10-27,1.7
bwais,2020-10-28,3.4
bwais,2020-10-29,5.1
bwais,2020-10-30,6.8
bwais,2020-10-31,8.5
bwais,2020-11-01,10.2
bwais,2020-11-02,11.9
bwais,2020-11-03,13.6
bwais,2020-11-04,15.3
bwais,2020-11-05,17.0
bwais,2020-11-06,18.7
bwais,2020-11-07,20.4
bwais,2020-11-08,1.7
bwais,2020-11-09,3.4
bwais,2020-11-10,5.1
bwais,2020-11-11,6.8
bwais,2020-11-12,8.5
bwais,2020-11-13,10.2
bwais,2020-11-14,11.9
bwais,2020-11-15,13.6
bwais,2020-11-16,15.3
bwais,2020-11-17,17.0
bwais,2020-11-18,18.7
bwais,2020-11-19,20.4
bwais,2020-11-20,1.7
bwais,2020-11-21,3.4
bwais,2020-11-22,5.1
bwais,2020-11-23,6.8
bwais,2020-11-24,8.5
bwais,2020-11-25,10.2
bwais,2020-11-26,11.9
bwais,2020-11-27,13.6
bwais,2020-11-28,15.3
bwais,2020-11-29,17.0
bwais,2020-11-30,18.7
bwais,2020-12-01,20.4
bwais,2020-12-02,1.7
bwais,2020-12-03,3.4
bwais,2020-12-04,5.1
bwais,2020-12-05,6.8
bwais,2020-12-06,8.5
bwais,2020-12-07,10.2
bwais,2020-12-08,11.9
bwais,2020-12-09,13.6
bwais,2020-12-10,15.3
bwais,2020-12-11,17.0
bwais,2020-12-12,18.7
bwais,2020-12-13,20.4
bwais,2020-12-14,1.7
bwais,2020-12-15,3.4
bwais,2020-12-16,5.1
bwais,2020-12-17,6.8
bwais,2020-12-18,8.5
bwais,2020-12-19,10.2
bwais,2020-12-20,11.9
bwais,2020-12-21,13.6
bwais,2020-12-22,15.3
bwais,2020-12-23,17.0
bwais,2020-12-24,18.7
bwais,2020-12-25,20.4
bwais,2020-12-26,1.7
bwais,2020-12-27,3.4
bwais,2020-12-28,5.1
bwais,2020-12-29,6.8
bwais,2020-12-30,8.5
bwais,2020-12-31,10.2
bwais,2021-01-01,11.9
bwais,2021-01-02,13.6
bwais,2021-01-03,15.3
bwais,2021-01-04,17.0
bwais,2021-01-05,18.7
bwais,2021-01-06,20.4
bwais,2021-01-07,1.7
bwais,2021-01-08,3.4
bwais,2021-01-09,5.1
bwais,2021-01-10,6.8
bwais,2021-01-11,8.5
bwais,2021-01-12,10.2
bwais,2021-01-13,11.9
bwais,2021-01-14,13.6
bwais,2021-01-15,15.3
bwais,2021-01-16,17.0
bwais,2021-01-17,18.7
bwais,2021-01-18,20.4
bwais,2021-01-19,1.7
bwais,2021-01-20,3.4
bwais,2021-01-21,5.1
bwais,2021-01-22,6.8
bwais,2021-01-23,8.5
bwais,2021-01-24,10.2
bwais,2021-01-25,11.9
bwais,2021-01-26,13.6
bwais,2021-01-27,15.3
bwais,2021-01-28,17.0
bwais,2021-01-29,18.7
bwais,2021-01-30,20.4
bwais,2021-01-31,1.7
bwais,2021-02-01,3.4
bwais,2021-02-02,5.1
bwais,2021-02-03,6.8
bwais,2021-02-04,8.5
bwais,2021-02-05,10.2
bwais,2021-02-06,11.9
bwais,2021-02-07,13.6
bwais,2021-02-08,15.3
bwais,2021-02-09,17.0
bwais,2021-02-10,18.7
bwais,2021-02-11,20.4
bwais,2021-02-12,1.7
bwais,2021-02-13,3.4
bwais,2021-02-14,5.1
bwais,2021-02-15,6.8
bwais,2021-02-16,8.5
bwais,2021-02-17,10.2
bwais,2021-02-18,11.9
bwais,2021-02-19,13.6
bwais,2021-02-20,15.3
bwais,2021-02-21,17.0
bwais,2021-02-22,18.7
bwais,2021-02-23,20.4
bwais,2021-02-24,1.7
bwais,2021-02-25,3.4
bwais,2021-02-26,5.1
bwais,2021-02-27,6.8
bwais,2021-02-28,8.5
bwais,2021-03-01,10.2
bwais,2021-03-02,11.9
bwais,2021-03-03,13.6
bwais,2021-03-04,15.3
bwais,2021-03-05,17.0
bwais,2021-03-06,18.7
bwais,2021-03-07,20.4
bwais,2021-03-08,1.7
bwais,2021-03-09,3.4
bwais,2021-03-10,5.1
bwais,2021-03-11,6.8
bwais,2021-03-12,8.5
bwais,2021-03-13,10.2
bwais,2021-03-14,11.9
bwais,2021-03-15,13.6
bwais,2021-03-16,15.3
bwais,2021-03-17,17.0
bwais,2021-03-18,18.7
bwais,2021-03-19,20.4
bwais,2021-03-20,1.7
bwais,2021-03-21,3.4
bwais,2021-03-22,5.1
bwais,2021-03-23,6.8
bwais,2021-03-24,8.5
bwais,2021-03-25,10.2
bwais,2021-03-26,11.9
bwais,2021-03-27,13.6
bwais,2021-03-28,15.3
bwais,2021-03-29,17.0
bwais,2021-03-30,18.7
bwais,2021-03-31,20.4
bwais,2021-04-01,1.7
bwais,2021-04-02,3.4
bwais,2021-04-03,5.1
bwais,2021-04-04,6.8
bwais,2021-04-05,8.5
bwais,2021-04-06,10.2
bwais,2021-04-07,11.9
bwais,2021-04-08,13.6
bwais,2021-04-09,15.3
bwais,2021-04-10,17.0
bwais,2021-04-11,18.7
bwais,2021-04-12,20.4
bwais,2021-04-13,1.7
bwais,2021-04-14,3.4
bwais,2021-04-15,5.1
bwais,2021-04-16,6.8
bwais,2021-04-17,8.5
bwais,2021-04-18,10.2
bwais,2021-04-19,11.9
bwais,2021-04-20,13.6
bwais,2021-04-21,15.3
bwais,2021-04-22,17.0
bwais,2021-04-23,18.7
bwais,2021-04-24,20.4
bwais,2021-04-25,1.7
bwais,2021-04-26,3.4
bwais,2021-04-27,5.1
bwais,2021-04-28,6.8
bwais,2021-04-29,8.5
bwais,2021-04-30,10.2
bwais,2021-05-01,11.9
bwais,2021-05-02,13.6
bwais,2021-05-03,15.3
bwais,2021-05-04,17.0
bwais,2021-05-05,18.7
bwais,2021-05-06,20.4
bwais,2021-05-07,1.7
bwais,2021-05-08,3.4
bwais,2021-05-09,5.1
bwais,2021-05-10,6.8
bwais,2021-05-11,8.5
bwais,2021-05-12,10.2
bwais,2021-05-13,11.9
bwais,2021-05-14,13.6
bwais,2021-05-15,15.3
bwais,2021-05-16,17.0
bwais,2021-05-17,18.7
bwais,2021-05-18,20.4
bwais,2021-05-19,1.7
bwais,2021-05-20,3.4
bwais,2021-05-21,5.1
bwais,2021-05-22,6.8
bwais,2021-05-23,8.5
bwais,2021-05-24,10.2
bwais,2021-05-25,11.9
bwais,2021-05-26,13.6
bwais,2021-05-27,15.3
bwais,2021-05-28,17.0
bwais,2021-05-29,18.7
bwais,2021-05-30,20.4
bwais,2021-05-31,1.7
bwais,2021-06-01,3.4
bwais,2021-06-02,5.1
bwais,2021-06-03,6.8
bwais,2021-06-04,8.5
bwais,2021-06-05,10.2
bwais,2021-06-06,11.9
bwais,2021-06-07,13.6
bwais,2021-06-08,15.3
bwais,2021-06-09,17.0
bwais,2021-06-10,18.7
bwais,2021-06-11,20.4
bwais,2021-06-12,1.7
bwais,2021-06-13,3.4
bwais,2021-06-14,5.1
bwais,2021-06-15,6.8
bwais,2021-06-16,8.5
bwais,2021-06-17,10.2
bwais,2021-06-18,11.9
bwais,2021-06-19,13.6
bwais,2021-06-20,15.3
bwais,2021-06-21,17.0
bwais,2021-06-22,18.7
bwais,2021-06-23,20.4
bwais,2021-06-24,1.7
bwais,2021-06-25,3.4
bwais,2021-06-26,5.1
bwais,2021-06-27,6.8
bwais,2021-06-28,8.5
bwais,2021-06-29,10.2
bwais,2021-06-30,11.9
bwais,2021-07-01,13.6
bwais,2021-07-02,15.3
bwais,2021-07-03,17.0
bwais,2021-07-04,18.7
bwais,2021-07-05,20.4
bwais,2021-07-06,1.7
bwais,2021-07-07,3.4
bwais,2021-07-08,5.1
bwais,2021-07-09,6.8
bwais,2021-07-10,8.5
bwais,2021-07-11,10.2
bwais,2021-07-12,11.9
bwais,2021-07-13,13.6
bwais,2021-07-14,15.3
bwais,2021-07-15,17.0
bwais,2021-07-16,18.7
bwais,2021-07-17,20.4
bwais,2021-07-18,1.7
bwais,2021-07-19,3.4
bwais,2021-07-20,5.1
bwais,2021-07-21,6.8
bwais,2021-07-22,8.5
bwais,2021-07-23,10.2
bwais,2021-07-24,11.9
bwais,2021-07-25,13.6
bwais,2021-07-26,15.3
bwais,2021-07-27,17.0
bwais,2021-07-28,18.7
bwais,2021-07-29,20.4
bwais,2021-07-30,1.7
bwais,2021-07-31,3.4
bwais,2021-08-01,5.1
bwais,2021-08-02,6.8
bwais,2021-08-03,8.5
bwais,2021-08-04,10.2
bwais,2021-08-05,11.9
bwais,2021-08-06,13.6
bwais,2021-08-07,15.3
bwais,2021-08-08,17.0
bwais,2021-08-09,18.7
bwais,2021-08-10,20.4
bwais,2021-08-11,1.7
bwais,2021-08-12,3.4
bwais,2021-08-13,5.1
bwais,2021-08-14,6.8
bwais,2021-08-15,8.5
bwais,2021-08-16,10.2
bwais,2021-08-17,11.9
bwais,2021-08-18,13.6
bwais,2021-08-19,15.3
bwais,2021-08-20,17.0
bwais,2021-08-21,18.7
bwais,2021-08-22,20.4
bwais,2021-08-23,1.7
bwais,2021-08-24,3.4
bwais,2021-08-25,5.1
bwais,2021-08-26,6.8
bwais,2021-08-27,8.5
bwais,2021-08-28,10.2
bwais,2021-08-29,11.9
bwais,2021-08-30,13.6
bwais,2021-08-31,15.3
bwais,2021-09-01,17.0
bwais,2021-09-02,18.7
bwais,2021-09-03,20.4
bwais,2021-09-04,1.7
bwais,2021-09-05,3.4
bwais,2021-09-06,5.1
bwais,2021-09-07,6.8
bwais,2021-09-08,8.5
bwais,2021-09-09,10.2
bwais,2021-09-10,11.9
bwais,2021-09-11,13.6
bwais,2021-09-12,15.3
bwais,2021-09-13,17.0
bwais,2021-09-14,18.7
bwais,2021-09-15,20.4
bwais,2021-09-16,1.7
bwais,2021-09-17,3.4
bwais,2021-09-18,5.1
bwais,2021-09-19,6.8
bwais,2021-09-20,8.5
bwais,2021-09-21,10.2
bwais,2021-09-22,11.9
bwais,2021-09-23,13.6
bwais,2021-09-24,15.3
bwais,2021-09-25,17.0
bwais,2021-09-26,18.7
bwais,2021-09-27,20.4
bwais,2021-09-28,1.7
bwais,2021-09-29,3.4
bwais,2021-09-30,5.1
bwais,2021-10-01,6.8
bwais,2021-10-02,8.5
bwais,2021-10-03,10.2
bwais,2021-10-04,11.9
bwais,2021-10-05,13.6
bwais,2021-10-06,15.3
bwais,2021-10-07,17.0
bwais,2021-10-08,18.7
bwais,2021-10-09,20.4
bwais,2021-10-10,1.7
bwais,2021-10-11,3.4
bwais,2021-10-12,5.1
bwais,2021-10-13,6.8
bwais,2021-10-14,8.5
bwais,2021-10-15,10.2
bwais,2021-10-16,11.9
bwais,2021-10-17,13.6
bwais,2021-10-18,15.3
bwais,2021-10-19,17.0
bwais,2021-10-20,18.7
bwais,2021-10-21,20.4
bwais,2021-10-22,1.7
bwais,2021-10-23,3.4
bwais,2021-10-24,5.1
bwais,2021-10-25,6.8
bwais,2021-10-26,8.5
bwais,2021-10-27,10.2
bwais,2021-10-28,11.9
bwais,2021-10-29,13.6
bwais,2021-10-30,15.3
bwais,2021-10-31,17.0
bwais,2021-11-01,18.7
bwais,2021-11-02,20.4
bwais,2021-11-03,1.7
bwais,2021-11-04,3.4
bwais,2021-11-05,5.1
bwais,2021-11-06,6.8
bwais,2021-11-07,8.5
bwais,2021-11-08,10.2
bwais,2021-11-09,11.9
bwais,2021-11-10,13.6
bwais,2021-11-11,15.3
bwais,2021-11-12,17.0
bwais,2021-11-13,18.7
bwais,2021-11-14,20.4
bwais,2021-11-15,1.7
bwais,2021-11-16,3.4
bwais,2021-11-17,5.1
bwais,2021-11-18,6.8
bwais,2021-11-19,8.5
bwais,2021-11-20,10.2
bwais,2021-11-21,11.9
bwais,2021-11-22,13.6
bwais,2021-11-23,15.3
bwais,2021-11-24,17.0
bwais,2021-11-25,18.7
bwais,2021-11-26,20.4
bwais,2021-11-27,1.7
bwais,2021-11-28,3.4
bwais,2021-11-29,5.1
bwais,2021-11-30,6.8
bwais,2021-12-01,8.5
bwais,2021-12-02,10.2
bwais,2021-12-03,11.9
bwais,2021-12-04,13.6
bwais,2021-12-05,15.3
bwais,2021-12-06,17.0
bwais,2021-12-07,18.7
bwais,2021-12-08,20.4
bwais,2021-12-09,1.7
bwais,2021-12-10,3.4
bwais,2021-12-11,5.1
bwais,2021-12-12,6.8
bwais,2021-12-13,8.5
bwais,2021-12-14,10.2
bwais,2021-12-15,11.9
bwais,2021-12-16,13.6
bwais,2021-12-17,15.3
bwais,2021-12-18,17.0
bwais,2021-12-19,18.7
bwais,2021-12-20,20.4
bwais,2021-12-21,1.7
bwais,2021-12-22,3.4
bwais,2021-12-23,5.1
bwais,2021-12-24,6.8
bwais,2021-12-25,8.5
bwais,2021-12-26,10.2
bwais,2021-12-27,11.9
bwais,2021-12-28,13.6
bwais,2021-12-29,15.3
bwais,2021-12-30,17.0
bwais,2021-12-31,18.7
bwais,2022-01-01,20.4
bwais,2022-01-02,1.7
bwais,2022-01-03,3.4
bwais,2022-01-04,5.1
bwais,2022-01-05,6.8
bwais,2022-01-06,8.5
bwais,2022-01-07,10.2
bwais,2022-01-08,11.9
bwais,2022-01-09,13.6
bwais,2022-01-10,15.3
bwais,2022-01-11,17.0
bwais,2022-01-12,18.7
bwais,2022-01-13,20.4
bwais,2022-01-14,1.7
bwais,2022-01-15,3.4
bwais,2022-01-16,5.1
bwais,2022-01-17,6.8
bwais,2022-01-18,8.5
bwais,2022-01-19,10.2
bwais,2022-01-20,11.9
bwais,2022-01-21,13.6
bwais,2022-01-22,15.3
bwais,2022-01-23,17.0
bwais,2022-01-24,18.7
bwais,2022-01-25,20.4
bwais,2022-01-26,1.7
bwais,2022-01-27,3.4
bwais,2022-01-28,5.1
bwais,2022-01-29,6.8
bwais,2022-01-30,8.5
bwais,2022-01-31,10.2
bwais,2022-02-01,11.9
bwais,2022-02-02,13.6
bwais,2022-02-03,15.3
bwais,2022-02-04,17.0
bwais,2022-02-05,18.7
bwais,2022-02-06,20.4
bwais,2022-02-07,1.7
bwais,2022-02-08,3.4
bwais,2022-02-09,5.1
bwais,2022-02-10,6.8
bwais,2022-02-11,8.5
bwais,2022-02-12,10.2
bwais,2022-02-13,11.9
bwais,2022-02-14,13.6
bwais,2022-02-15,15.3
bwais,2022-02-16,17.0
bwais,2022-02-17,18.7
bwais,2022-02-18,20.4
bwais,2022-02-19,1.7
bwais,2022-02-20,3.4
bwais,2022-02-21,5.1
bwais,2022-02-22,6.8
bwais,2022-02-23,8.5
bwais,2022-02-24,10.2
bwais,2022-02-25,11.9
bwais,2022-02-26,13.6
bwais,2022-02-27,15.3
bwais,2022-02-28,17.0
bwais,2022-03-01,18.7
bwais,2022-03-02,20.4
bwais,2022-03-03,1.7
bwais,2022-03-04,3.4
bwais,2022-03-05,5.1
bwais,2022-03-06,6.8
bwais,2022-03-07,8.5
bwais,2022-03-08,10.2
bwais,2022-03-09,11.9
bwais,2022-03-10,13.6
bwais,2022-03-11,15.3
bwais,2022-03-12,17.0
bwais,2022-03-13,18.7
bwais,2022-03-14,20.4
bwais,2022-03-15,1.7
bwais,2022-03-16,3.4
bwais,2022-03-17,5.1
bwais,2022-03-18,6.8
bwais,2022-03-19,8.5
bwais,2022-03-20,10.2
bwais,2022-03-21,11.9
bwais,2022-03-22,13.6
bwais,2022-03-23,15.3
bwais,2022-03-24,17.0
bwais,2022-03-25,18.7
bwais,2022-03-26,20.4
bwais,2022-03-27,1.7
bwais,2022-03-28,3.4
bwais,2022-03-29,5.1
bwais,2022-03-30,6.8
bwais,2022-03-31,8.5
bwais,2022-04-01,10.2
bwais,2022-04-02,11.9
bwais,2022-04-03,13.6
bwais,2022-04-04,15.3
bwais,2022-04-05,17.0
bwais,2022-04-06,18.7
bwais,2022-04-07,20.4
bwais,2022-04-08,1.7
bwais,2022-04-09,3.4
bwais,2022-04-10,5.1
bwais,2022-04-11,6.8
bwais,2022-04-12,8.5
bwais,2022-04-13,10.2
bwais,2022-04-14,11.9
bwais,2022-04-15,13.6
bwais,2022-04-16,15.3
bwais,2022-04-17,17.0
bwais,2022-04-18,18.7
bwais,2022-04-19,20.4
bwais,2022-04-20,1.7
bwais,2022-04-21,3.4
bwais,2022-04-22,5.1
bwais,2022-04-23,6.8
bwais,2022-04-24,8.5
bwais,2022-04-25,10.2
bwais,2022-04-26,11.9
bwais,2022-04-27,13.6
bwais,2022-04-28,15.3
bwais,2022-04-29,17.0
bwais,2022-04-30,18.7
bwais,2022-05-01,20.4
bwais,2022-05-02,1.7
bwais,2022-05-03,3.4
bwais,2022-05-04,5.1
bwais,2022-05-05,6.8
bwais,2022-05-06,8.5
bwais,2022-05-07,10.2
bwais,2022-05-08,11.9
bwais,2022-05-09,13.6
bwais,2022-05-10,15.3
bwais,2022-05-11,17.0
bwais,2022-05-12,18.7
bwais,2022-05-13,20.4
bwais,2022-05-14,1.7
bwais,2022-05-15,3.4
bwais,2022-05-16,5.1
bwais,2022-05-17,6.8
bwais,2022-05-18,8.5
bwais,2022-05-19,10.2
bwais,2022-05-20,11.9
bwais,2022-05-21,13.6
bwais,2022-05-22,15.3
bwais,2022-05-23,17.0
bwais,2022-05-24,18.7
bwais,2022-05-25,20.4
bwais,2022-05-26,1.7
bwais,2022-05-27,3.4
bwais,2022-05-28,5.1
bwais,2022-05-29,6.8
bwais,2022-05-30,8.5
bwais,2022-05-31,10.2
bwais,2022-06-01,11.9
bwais,2022-06-02,13.6
bwais,2022-06-03,15.3
bwais,2022-06-04,17.0
bwais,2022-06-05,18.7
bwais,2022-06-06,20.4
bwais,2022-06-07,1.7
bwais,2022-06-08,3.4
bwais,2022-06-09,5.1
bwais,2022-06-10,6.8
bwais,2022-06-11,8.5
bwais,2022-06-12,10.2
bwais,2022-06-13,11.9
bwais,2022-06-14,13.6
bwais,2022-06-15,15.3
bwais,2022-06-16,17.0
bwais,2022-06-17,18.7
bwais,2022-06-18,20.4
bwais,2022-06-19,1.7
bwais,2022-06-20,3.4
bwais,2022-06-21,5.1
bwais,2022-06-22,6.8
bwais,2022-06-23,8.5
bwais,2022-06-24,10.2
bwais,2022-06-25,11.9
bwais,2022-06-26,13.6
bwais,2022-06-27,15.3
bwais,2022-06-28,17.0
bwais,2022-06-29,18.7
bwais,2022-06-30,20.4
nakasero,2020-01-01,2.4
nakasero,2020-01-02,4.8
nakasero,2020-01-03,7.2
nakasero,2020-01-04,9.6
nakasero,2020-01-05,12.0
nakasero,2020-01-06,14.4
nakasero,2020-01-07,16.8
nakasero,2020-01-08,19.2
nakasero,2020-01-09,21.6
nakasero,2020-01-10,24.0
nakasero,2020-01-11,26.4
nakasero,2020-01-12,28.8
nakasero,2020-01-13,2.4
nakasero,2020-01-14,4.8
nakasero,2020-01-15,7.2
nakasero,2020-01-16,9.6
nakasero,2020-01-17,12.0
nakasero,2020-01-18,14.4
nakasero,2020-01-19,16.8
nakasero,2020-01-20,19.2
nakasero,2020-01-21,21.6
nakasero,2020-01-22,24.0
nakasero,2020-01-23,26.4
nakasero,2020-01-24,28.8
nakasero,2020-01-25,2.4
nakasero,2020-01-26,4.8
nakasero,2020-01-27,7.2
nakasero,2020-01-28,9.6
nakasero,2020-01-29,12.0
nakasero,2020-01-30,14.4
nakasero,2020-01-31,16.8
nakasero,2020-02-01,19.2
nakasero,2020-02-02,21.6
nakasero,2020-02-03,24.0
nakasero,2020-02-04,26.4
nakasero,2020-02-05,28.8
nakasero,2020-02-06,2.4
nakasero,2020-02-07,4.8
nakasero,2020-02-08,7.2
nakasero,2020-02-09,9.6
nakasero,2020-02-10,12.0
nakasero,2020-02-11,14.4
nakasero,2020-02-12,16.8
nakasero,2020-02-13,19.2
nakasero,2020-02-14,21.6
nakasero,2020-02-15,24.0
nakasero,2020-02-16,26.4
nakasero,2020-02-17,28.8
nakasero,2020-02-18,2.4
nakasero,2020-02-19,4.8
nakasero,2020-02-20,7.2
nakasero,2020-02-21,9.6
nakasero,2020-02-22,12.0
nakasero,2020-02-23,14.4
nakasero,2020-02-24,16.8
nakasero,2020-02-25,19.2
nakasero,2020-02-26,21.6
nakasero,2020-02-27,24.0
nakasero,2020-02-28,26.4
nakasero,2020-02-29,28.8
nakasero,2020-03-01,2.4
nakasero,2020-03-02,4.8
nakasero,2020-03-03,7.2
nakasero,2020-03-04,9.6
nakasero,2020-03-05,12.0
nakasero,2020-03-06,14.4
nakasero,2020-03-07,16.8
nakasero,2020-03-08,19.2
nakasero,2020-03-09,21.6
nakasero,2020-03-10,24.0
nakasero,2020-03-11,26.4
nakasero,2020-03-12,28.8
nakasero,2020-03-13,2.4
nakasero,2020-03-14,4.8
nakasero,2020-03-15,7.2
nakasero,2020-03-16,9.6
nakasero,2020-03-17,12.0
nakasero,2020-03-18,14.4
nakasero,2020-03-19,16.8
nakasero,2020-03-20,19.2
nakasero,2020-03-21,21.6
nakasero,2020-03-22,24.0
nakasero,2020-03-23,26.4
nakasero,2020-03-24,28.8
nakasero,2020-03-25,2.4
nakasero,2020-03-26,4.8
nakasero,2020-03-27,7.2
nakasero,2020-03-28,9.6
nakasero,2020-03-29,12.0
nakasero,2020-03-30,14.4
nakasero,2020-03-31,16.8
nakasero,2020-04-01,19.2
nakasero,2020-04-02,21.6
nakasero,2020-04-03,24.0
nakasero,2020-04-04,26.4
nakasero,2020-04-05,28.8
nakasero,2020-04-06,2.4
nakasero,2020-04-07,4.8
nakasero,2020-04-08,7.2
nakasero,2020-04-09,9.6
nakasero,2020-04-10,12.0
nakasero,2020-04-11,14.4
nakasero,2020-04-12,16.8
nakasero,2020-04-13,19.2
nakasero,2020-04-14,21.6
nakasero,2020-04-15,24.0
nakasero,2020-04-16,26.4
nakasero,2020-04-17,28.8
nakasero,2020-04-18,2.4
nakasero,2020-04-19,4.8
nakasero,2020-04-20,7.2
nakasero,2020-04-21,9.6
nakasero,2020-04-22,12.0
nakasero,2020-04-23,14.4
nakasero,2020-04-24,16.8
nakasero,2020-04-25,19.2
nakasero,2020-04-26,21.6
nakasero,2020-04-27,24.0
nakasero,2020-04-28,26.4
nakasero,2020-04-29,28.8
nakasero,2020-04-30,2.4
nakasero,2020-05-01,4.8
nakasero,2020-05-02,7.2
nakasero,2020-05-03,9.6
nakasero,2020-05-04,12.0
nakasero,2020-05-05,14.4
nakasero,2020-05-06,16.8
nakasero,2020-05-07,19.2
nakasero,2020-05-08,21.6
nakasero,2020-05-09,24.0
nakasero,2020-05-10,26.4
nakasero,2020-05-11,28.8
nakasero,2020-05-12,2.4
nakasero,2020-05-13,4.8
nakasero,2020-05-14,7.2
nakasero,2020-05-15,9.6
nakasero,2020-05-16,12.0
nakasero,2020-05-17,14.4
nakasero,2020-05-18,16.8
nakasero,2020-05-19,19.2
nakasero,2020-05-20,21.6
nakasero,2020-05-21,24.0
nakasero,2020-05-22,26.4
nakasero,2020-05-23,28.8
nakasero,2020-05-24,2.4
nakasero,2020-05-25,4.8
nakasero,2020-05-26,7.2
nakasero,2020-05-27,9.6
nakasero,2020-05-28,12.0
nakasero,2020-05-29,14.4
nakasero,2020-05-30,16.8
nakasero,2020-05-31,19.2
nakasero,2020-06-01,21.6
nakasero,2020-06-02,24.0
nakasero,2020-06-03,26.4
nakasero,2020-06-04,28.8
nakasero,2020-06-05,2.4
nakasero,2020-06-06,4.8
nakasero,2020-06-07,7.2
nakasero,2020-06-08,9.6
nakasero,2020-06-09,12.0
nakasero,2020-06-10,14.4
nakasero,2020-06-11,16.8
nakasero,2020-06-12,19.2
nakasero,2020-06-13,21.6
nakasero,2020-06-14,24.0
nakasero,2020-06-15,26.4
nakasero,2020-06-16,28.8
nakasero,2020-06-17,2.4
nakasero,2020-06-18,4.8
nakasero,2020-06-19,7.2
nakasero,2020-06-20,9.6
nakasero,2020-06-21,12.0
nakasero,2020-06-22,14.4
nakasero,2020-06-23,16.8
nakasero,2020-06-24,19.2
nakasero,2020-06-25,21.6
nakasero,2020-06-26,24.0
nakasero,2020-06-27,26.4
nakasero,2020-06-28,28.8
nakasero,2020-06-29,2.4
nakasero,2020-06-30,4.8
nakasero,2020-07-01,7.2
nakasero,2020-07-02,9.6
nakasero,2020-07-03,12.0
nakasero,2020-07-04,14.4
nakasero,2020-07-05,16.8
nakasero,2020-07-06,19.2
nakasero,2020-07-07,21.6
nakasero,2020-07-08,24.0
nakasero,2020-07-09,26.4
nakasero,2020-07-10,28.8
nakasero,2020-07-11,2.4
nakasero,2020-07-12,4.8
nakasero,2020-07-13,7.2
nakasero,2020-07-14,9.6
nakasero,2020-07-15,12.0
nakasero,2020-07-16,14.4
nakasero,2020-07-17,16.8
nakasero,2020-07-18,19.2
nakasero,2020-07-19,21.6
nakasero,2020-07-20,24.0
nakasero,2020-07-21,26.4
nakasero,2020-07-22,28.8
nakasero,2020-07-23,2.4
nakasero,2020-07-24,4.8
nakasero,2020-07-25,7.2
nakasero,2020-07-26,9.6
nakasero,2020-07-27,12.0
nakasero,2020-07-28,14.4
nakasero,2020-07-29,16.8
nakasero,2020-07-30,19.2
nakasero,2020-07-31,21.6
nakasero,2020-08-01,24.0
nakasero,2020-08-02,26.4
nakasero,2020-08-03,28.8
nakasero,2020-08-04,2.4
nakasero,2020-08-05,4.8
nakasero,2020-08-06,7.2
nakasero,2020-08-07,9.6
nakasero,2020-08-08,12.0
nakasero,2020-08-09,14.4
nakasero,2020-08-10,16.8
nakasero,2020-08-11,19.2
nakasero,2020-08-12,21.6
nakasero,2020-08-13,24.0
nakasero,2020-08-14,26.4
nakasero,2020-08-15,28.8
nakasero,2020-08-16,2.4
nakasero,2020-08-17,4.8
nakasero,2020-08-18,7.2
nakasero,2020-08-19,9.6
nakasero,2020-08-20,12.0
nakasero,2020-08-21,14.4
nakasero,2020-08-22,16.8
nakasero,2020-08-23,19.2
nakasero,2020-08-24,21.6
nakasero,2020-08-25,24.0
nakasero,2020-08-26,26.4
nakasero,2020-08-27,28.8
nakasero,2020-08-28,2.4
nakasero,2020-08-29,4.8
nakasero,2020-08-30,7.2
nakasero,2020-08-31,9.6
nakasero,2020-09-01,12.0
nakasero,2020-09-02,14.4
nakasero,2020-09-03,16.8
nakasero,2020-09-04,19.2
nakasero,2020-09-05,21.6
nakasero,2020-09-06,24.0
nakasero,2020-09-07,26.4
nakasero,2020-09-08,28.8
nakasero,2020-09-09,2.4
nakasero,2020-09-10,4.8
nakasero,2020-09-11,7.2
nakasero,2020-09-12,9.6
nakasero,2020-09-13,12.0
nakasero,2020-09-14,14.4
nakasero,2020-09-15,16.8
nakasero,2020-09-16,19.2
nakasero,2020-09-17,21.6
nakasero,2020-09-18,24.0
nakasero,2020-09-19,26.4
nakasero,2020-09-20,28.8
nakasero,2020-09-21,2.4
nakasero,2020-09-22,4.8
nakasero,2020-09-23,7.2
nakasero,2020-09-24,9.6
nakasero,2020-09-25,12.0
nakasero,2020-09-26,14.4
nakasero,2020-09-27,16.8
nakasero,2020-09-28,19.2
nakasero,2020-09-29,21.6
nakasero,2020-09-30,24.0
nakasero,2020-10-01,26.4
nakasero,2020-10-02,28.8
nakasero,2020-10-03,2.4
nakasero,2020-10-04,4.8
nakasero,2020-10-05,7.2
nakasero,2020-10-06,9.6
nakasero,2020-10-07,12.0
nakasero,2020-10-08,14.4
nakasero,2020-10-09,16.8
nakasero,2020-10-10,19.2
nakasero,2020-10-11,21.6
nakasero,2020-10-12,24.0
nakasero,2020-10-13,26.4
nakasero,2020-10-14,28.8
nakasero,2020-10-15,2.4
nakasero,2020-10-16,4.8
nakasero,2020-10-17,7.2
nakasero,2020-10-18,9.6
nakasero,2020-10-19,12.0
nakasero,2020-10-20,14.4
nakasero,2020-10-21,16.8
nakasero,2020-10-22,19.2
nakasero,2020-10-23,21.6
nakasero,2020-10-24,24.0
nakasero,2020-10-25,26.4
nakasero,2020-10-26,28.8
nakasero,2020-10-27,2.4
nakasero,2020-10-28,4.8
nakasero,2020-10-29,7.2
nakasero,2020-10-30,9.6
nakasero,2020-10-31,12.0
nakasero,2020-11-01,14.4
nakasero,2020-11-02,16.8
nakasero,2020-11-03,19.2
nakasero,2020-11-04,21.6
nakasero,2020-11-05,24.0
nakasero,2020-11-06,26.4
nakasero,2020-11-07,28.8
nakasero,2020-11-08,2.4
nakasero,2020-11-09,4.8
nakasero,2020-11-10,7.2
nakasero,2020-11-11,9.6
nakasero,2020-11-12,12.0
nakasero,2020-11-13,14.4
nakasero,2020-11-14,16.8
nakasero,2020-11-15,19.2
nakasero,2020-11-16,21.6
nakasero,2020-11-17,24.0
nakasero,2020-11-18,26.4
nakasero,2020-11-19,28.8
nakasero,2020-11-20,2.4
nakasero,2020-11-21,4.8
nakasero,2020-11-22,7.2
nakasero,2020-11-23,9.6
nakasero,2020-11-24,12.0
nakasero,2020-11-25,14.4
nakasero,2020-11-26,16.8
nakasero,2020-11-27,19.2
nakasero,2020-11-28,21.6
nakasero,2020-11-29,24.0
nakasero,2020-11-30,26.4
nakasero,2020-12-01,28.8
nakasero,2020-12-02,2.4
nakasero,2020-12-03,4.8
nakasero,2020-12-04,7.2
nakasero,2020-12-05,9.6
nakasero,2020-12-06,12.0
nakasero,2020-12-07,14.4
nakasero,2020-12-08,16.8
nakasero,2020-12-09,19.2
nakasero,2020-12-10,21.6
nakasero,2020-12-11,24.0
nakasero,2020-12-12,26.4
nakasero,2020-12-13,28.8
nakasero,2020-12-14,2.4
nakasero,2020-12-15,4.8
nakasero,2020-12-16,7.2
nakasero,2020-12-17,9.6
nakasero,2020-12-18,12.0
nakasero,2020-12-19,14.4
nakasero,2020-12-20,16.8
nakasero,2020-12-21,19.2
nakasero,2020-12-22,21.6
nakasero,2020-12-23,24.0
nakasero,2020-12-24,26.4
nakasero,2020-12-25,28.8
nakasero,2020-12-26,2.4
nakasero,2020-12-27,4.8
nakasero,2020-12-28,7.2
nakasero,2020-12-29,9.6
nakasero,2020-12-30,12.0
nakasero,2020-12-31,14.4
nakasero,2021-01-01,16.8
nakasero,2021-01-02,19.2
nakasero,2021-01-03,21.6
nakasero,2021-01-04,24.0
nakasero,2021-01-05,26.4
nakasero,2021-01-06,28.8
nakasero,2021-01-07,2.4
nakasero,2021-01-08,4.8
nakasero,2021-01-09,7.2
nakasero,2021-01-10,9.6
nakasero,2021-01-11,12.0
nakasero,2021-01-12,14.4
nakasero,2021-01-13,16.8
nakasero,2021-01-14,19.2
nakasero,2021-01-15,21.6
nakasero,2021-01-16,24.0
nakasero,2021-01-17,26.4
nakasero,2021-01-18,28.8
nakasero,2021-01-19,2.4
nakasero,2021-01-20,4.8
nakasero,2021-01-21,7.2
nakasero,2021-01-22,9.6
nakasero,2021-01-23,12.0
nakasero,2021-01-24,14.4
nakasero,2021-01-25,16.8
nakasero,2021-01-26,19.2
nakasero,2021-01-27,21.6
nakasero,2021-01-28,24.0
nakasero,2021-01-29,26.4
nakasero,2021-01-30,28.8
nakasero,2021-01-31,2.4
nakasero,2021-02-01,4.8
nakasero,2021-02-02,7.2
nakasero,2021-02-03,9.6
nakasero,2021-02-04,12.0
nakasero,2021-02-05,14.4
nakasero,2021-02-06,16.8
nakasero,2021-02-07,19.2
nakasero,2021-02-08,21.6
nakasero,2021-02-09,24.0
nakasero,2021-02-10,26.4
nakasero,2021-02-11,28.8
nakasero,2021-02-12,2.4
nakasero,2021-02-13,4.8
nakasero,2021-02-14,7.2
nakasero,2021-02-15,9.6
nakasero,2021-02-16,12.0
nakasero,2021-02-17,14.4
nakasero,2021-02-18,16.8
nakasero,2021-02-19,19.2
nakasero,2021-02-20,21.6
nakasero,2021-02-21,24.0
nakasero,2021-02-22,26.4
nakasero,2021-02-23,28.8
nakasero,2021-02-24,2.4
nakasero,2021-02-25,4.8
nakasero,2021-02-26,7.2
nakasero,2021-02-27,9.6
nakasero,2021-02-28,12.0
nakasero,2021-03-01,14.4
nakasero,2021-03-02,16.8
nakasero,2021-03-03,19.2
nakasero,2021-03-04,21.6
nakasero,2021-03-05,24.0
nakasero,2021-03-06,26.4
nakasero,2021-03-07,28.8
nakasero,2021-03-08,2.4
nakasero,2021-03-09,4.8
nakasero,2021-03-10,7.2
nakasero,2021-03-11,9.6
nakasero,2021-03-12,12.0
nakasero,2021-03-13,14.4
nakasero,2021-03-14,16.8
nakasero,2021-03-15,19.2
nakasero,2021-03-16,21.6
nakasero,2021-03-17,24.0
nakasero,2021-03-18,26.4
nakasero,2021-03-19,28.8
nakasero,2021-03-20,2.4
nakasero,2021-03-21,4.8
nakasero,2021-03-22,7.2
nakasero,2021-03-23,9.6
nakasero,2021-03-24,12.0
nakasero,2021-03-25,14.4
nakasero,2021-03-26,16.8
nakasero,2021-03-27,19.2
nakasero,2021-03-28,21.6
nakasero,2021-03-29,24.0
nakasero,2021-03-30,26.4
nakasero,2021-03-31,28.8
nakasero,2021-04-01,2.4
nakasero,2021-04-02,4.8
nakasero,2021-04-03,7.2
nakasero,2021-04-04,9.6
nakasero,2021-04-05,12.0
nakasero,2021-04-06,14.4
nakasero,2021-04-07,16.8
nakasero,2021-04-08,19.2
nakasero,2021-04-09,21.6
nakasero,2021-04-10,24.0
nakasero,2021-04-11,26.4
nakasero,2021-04-12,28.8
nakasero,2021-04-13,2.4
nakasero,2021-04-14,4.8
nakasero,2021-04-15,7.2
nakasero,2021-04-16,9.6
nakasero,2021-04-17,12.0
nakasero,2021-04-18,14.4
nakasero,2021-04-19,16.8
nakasero,2021-04-20,19.2
nakasero,2021-04-21,21.6
nakasero,2021-04-22,24.0
nakasero,2021-04-23,26.4
nakasero,2021-04-24,28.8
nakasero,2021-04-25,2.4
nakasero,2021-04-26,4.8
nakasero,2021-04-27,7.2
nakasero,2021-04-28,9.6
nakasero,2021-04-29,12.0
nakasero,2021-04-30,14.4
nakasero,2021-05-01,16.8
nakasero,2021-05-02,19.2
nakasero,2021-05-03,21.6
nakasero,2021-05-04,24.0
nakasero,2021-05-05,26.4
nakasero,2021-05-06,28.8
nakasero,2021-05-07,2.4
nakasero,2021-05-08,4.8
nakasero,2021-05-09,7.2
nakasero,2021-05-10,9.6
nakasero,2021-05-11,12.0
nakasero,2021-05-12,14.4
nakasero,2021-05-13,16.8
nakasero,2021-05-14,19.2
nakasero,2021-05-15,21.6
nakasero,2021-05-16,24.0
nakasero,2021-05-17,26.4
nakasero,2021-05-18,28.8
nakasero,2021-05-19,2.4
nakasero,2021-05-20,4.8
nakasero,2021-05-21,7.2
nakasero,2021-05-22,9.6
nakasero,2021-05-23,12.0
nakasero,2021-05-24,14.4
nakasero,2021-05-25,16.8
nakasero,2021-05-26,19.2
nakasero,2021-05-27,21.6
nakasero,2021-05-28,24.0
nakasero,2021-05-29,26.4
nakasero,2021-05-30,28.8
nakasero,2021-05-31,2.4
nakasero,2021-06-01,4.8
nakasero,2021-06-02,7.2
nakasero,2021-06-03,9.6
nakasero,2021-06-04,12.0
nakasero,2021-06-05,14.4
nakasero,2021-06-06,16.8
nakasero,2021-06-07,19.2
nakasero,2021-06-08,21.6
nakasero,2021-06-09,24.0
nakasero,2021-06-10,26.4
nakasero,2021-06-11,28.8
nakasero,2021-06-12,2.4
nakasero,2021-06-13,4.8
nakasero,2021-06-14,7.2
nakasero,2021-06-15,9.6
nakasero,2021-06-16,12.0
nakasero,2021-06-17,14.4
nakasero,2021-06-18,16.8
nakasero,2021-06-19,19.2
nakasero,2021-06-20,21.6
nakasero,2021-06-21,24.0
nakasero,2021-06-22,26.4
nakasero,2021-06-23,28.8
nakasero,2021-06-24,2.4
nakasero,2021-06-25,4.8
nakasero,2021-06-26,7.2
nakasero,2021-06-27,9.6
nakasero,2021-06-28,12.0
nakasero,2021-06-29,14.4
nakasero,2021-06-30,16.8
nakasero,2021-07-01,19.2
nakasero,2021-07-02,21.6
nakasero,2021-07-03,24.0
nakasero,2021-07-04,26.4
nakasero,2021-07-05,28.8
nakasero,2021-07-06,2.4
nakasero,2021-07-07,4.8
nakasero,2021-07-08,7.2
nakasero,2021-07-09,9.6
nakasero,2021-07-10,12.0
nakasero,2021-07-11,14.4
nakasero,2021-07-12,16.8
nakasero,2021-07-13,19.2
nakasero,2021-07-14,21.6
nakasero,2021-07-15,24.0
nakasero,2021-07-16,26.4
nakasero,2021-07-17,28.8
nakasero,2021-07-18,2.4
nakasero,2021-07-19,4.8
nakasero,2021-07-20,7.2
nakasero,2021-07-21,9.6
nakasero,2021-07-22,12.0
nakasero,2021-07-23,14.4
nakasero,2021-07-24,16.8
nakasero,2021-07-25,19.2
nakasero,2021-07-26,21.6
nakasero,2021-07-27,24.0
nakasero,2021-07-28,26.4
nakasero,2021-07-29,28.8
nakasero,2021-07-30,2.4
nakasero,2021-07-31,4.8
nakasero,2021-08-01,7.2
nakasero,2021-08-02,9.6
nakasero,2021-08-03,12.0
nakasero,2021-08-04,14.4
nakasero,2021-08-05,16.8
nakasero,2021-08-06,19.2
nakasero,2021-08-07,21.6
nakasero,2021-08-08,24.0
nakasero,2021-08-09,26.4
nakasero,2021-08-10,28.8
nakasero,2021-08-11,2.4
nakasero,2021-08-12,4.8
nakasero,2021-08-13,7.2
nakasero,2021-08-14,9.6
nakasero,2021-08-15,12.0
nakasero,2021-08-16,14.4
nakasero,2021-08-17,16.8
nakasero,2021-08-18,19.2
nakasero,2021-08-19,21.6
nakasero,2021-08-20,24.0
nakasero,2021-08-21,26.4
nakasero,2021-08-22,28.8
nakasero,2021-08-23,2.4
nakasero,2021-08-24,4.8
nakasero,2021-08-25,7.2
nakasero,2021-08-26,9.6
nakasero,2021-08-27,12.0
nakasero,2021-08-28,14.4
nakasero,2021-08-29,16.8
nakasero,2021-08-30,19.2
nakasero,2021-08-31,21.6
nakasero,2021-09-01,24.0
nakasero,2021-09-02,26.4
nakasero,2021-09-03,28.8
nakasero,2021-09-04,2.4
nakasero,2021-09-05,4.8
nakasero,2021-09-06,7.2
nakasero,2021-09-07,9.6
nakasero,2021-09-08,12.0
nakasero,2021-09-09,14.4
nakasero,2021-09-10,16.8
nakasero,2021-09-11,19.2
nakasero,2021-09-12,21.6
nakasero,2021-09-13,24.0
nakasero,2021-09-14,26.4
nakasero,2021-09-15,28.8
nakasero,2021-09-16,2.4
nakasero,2021-09-17,4.8
nakasero,2021-09-18,7.2
nakasero,2021-09-19,9.6
nakasero,2021-09-20,12.0
nakasero,2021-09-21,14.4
nakasero,2021-09-22,16.8
nakasero,2021-09-23,19.2
nakasero,2021-09-24,21.6
nakasero,2021-09-25,24.0
nakasero,2021-09-26,26.4
nakasero,2021-09-27,28.8
nakasero,2021-09-28,2.4
nakasero,2021-09-29,4.8
nakasero,2021-09-30,7.2
nakasero,2021-10-01,9.6
nakasero,2021-10-02,12.0
nakasero,2021-10-03,14.4
nakasero,2021-10-04,16.8
nakasero,2021-10-05,19.2
nakasero,2021-10-06,21.6
nakasero,2021-10-07,24.0
nakasero,2021-10-08,26.4
nakasero,2021-10-09,28.8
nakasero,2021-10-10,2.4
nakasero,2021-10-11,4.8
nakasero,2021-10-12,7.2
nakasero,2021-10-13,9.6
nakasero,2021-10-14,12.0
nakasero,2021-10-15,14.4
nakasero,2021-10-16,16.8
nakasero,2021-10-17,19.2
nakasero,2021-10-18,21.6
nakasero,2021-10-19,24.0
nakasero,2021-10-20,26.4
nakasero,2021-10-21,28.8
nakasero,2021-10-22,2.4
nakasero,2021-10-23,4.8
nakasero,2021-10-24,7.2
nakasero,2021-10-25,9.6
nakasero,2021-10-26,12.0
nakasero,2021-10-27,14.4
nakasero,2021-10-28,16.8
nakasero,2021-10-29,19.2
nakasero,2021-10-30,21.6
nakasero,2021-10-31,24.0
nakasero,2021-11-01,26.4
nakasero,2021-11-02,28.8
nakasero,2021-11-03,2.4
nakasero,2021-11-04,4.8
nakasero,2021-11-05,7.2
nakasero,2021-11-06,9.6
nakasero,2021-11-07,12.0
nakasero,2021-11-08,14.4
nakasero,2021-11-09,16.8
nakasero,2021-11-10,19.2
nakasero,2021-11-11,21.6
nakasero,2021-11-12,24.0
nakasero,2021-11-13,26.4
nakasero,2021-11-14,28.8
nakasero,2021-11-15,2.4
nakasero,2021-11-16,4.8
nakasero,2021-11-17,7.2
nakasero,2021-11-18,9.6
nakasero,2021-11-19,12.0
nakasero,2021-11-20,14.4
nakasero,2021-11-21,16.8
nakasero,2021-11-22,19.2
nakasero,2021-11-23,21.6
nakasero,2021-11-24,24.0
nakasero,2021-11-25,26.4
nakasero,2021-11-26,28.8
nakasero,2021-11-27,2.4
nakasero,2021-11-28,4.8
nakasero,2021-11-29,7.2
nakasero,2021-11-30,9.6
nakasero,2021-12-01,12.0
nakasero,2021-12-02,14.4
nakasero,2021-12-03,16.8
nakasero,2021-12-04,19.2
nakasero,2021-12-05,21.6
nakasero,2021-12-06,24.0
nakasero,2021-12-07,26.4
nakasero,2021-12-08,28.8
nakasero,2021-12-09,2.4
nakasero,2021-12-10,4.8
nakasero,2021-12-11,7.2
nakasero,2021-12-12,9.6
nakasero,2021-12-13,12.0
nakasero,2021-12-14,14.4
nakasero,2021-12-15,16.8
nakasero,2021-12-16,19.2
nakasero,2021-12-17,21.6
nakasero,2021-12-18,24.0
nakasero,2021-12-19,26.4
nakasero,2021-12-20,28.8
nakasero,2021-12-21,2.4
nakasero,2021-12-22,4.8
nakasero,2021-12-23,7.2
nakasero,2021-12-24,9.6
nakasero,2021-12-25,12.0
nakasero,2021-12-26,14.4
nakasero,2021-12-27,16.8
nakasero,2021-12-28,19.2
nakasero,2021-12-29,21.6
nakasero,2021-12-30,24.0
nakasero,2021-12-31,26.4
nakasero,2022-01-01,28.8
nakasero,2022-01-02,2.4
nakasero,2022-01-03,4.8
nakasero,2022-01-04,7.2
nakasero,2022-01-05,9.6
nakasero,2022-01-06,12.0
nakasero,2022-01-07,14.4
nakasero,2022-01-08,16.8
nakasero,2022-01-09,19.2
nakasero,2022-01-10,21.6
nakasero,2022-01-11,24.0
nakasero,2022-01-12,26.4
nakasero,2022-01-13,28.8
nakasero,2022-01-14,2.4
nakasero,2022-01-15,4.8
nakasero,2022-01-16,7.2
nakasero,2022-01-17,9.6
nakasero,2022-01-18,12.0
nakasero,2022-01-19,14.4
nakasero,2022-01-20,16.8
nakasero,2022-01-21,19.2
nakasero,2022-01-22,21.6
nakasero,2022-01-23,24.0
nakasero,2022-01-24,26.4
nakasero,2022-01-25,28.8
nakasero,2022-01-26,2.4
nakasero,2022-01-27,4.8
nakasero,2022-01-28,7.2
nakasero,2022-01-29,9.6
nakasero,2022-01-30,12.0
nakasero,2022-01-31,14.4
nakasero,2022-02-01,16.8
nakasero,2022-02-02,19.2
nakasero,2022-02-03,21.6
nakasero,2022-02-04,24.0
nakasero,2022-02-05,26.4
nakasero,2022-02-06,28.8
nakasero,2022-02-07,2.4
nakasero,2022-02-08,4.8
nakasero,2022-02-09,7.2
nakasero,2022-02-10,9.6
nakasero,2022-02-11,12.0
nakasero,2022-02-12,14.4
nakasero,2022-02-13,16.8
nakasero,2022-02-14,19.2
nakasero,2022-02-15,21.6
nakasero,2022-02-16,24.0
nakasero,2022-02-17,26.4
nakasero,2022-02-18,28.8
nakasero,2022-02-19,2.4
nakasero,2022-02-20,4.8
nakasero,2022-02-21,7.2
nakasero,2022-02-22,9.6
nakasero,2022-02-23,12.0
nakasero,2022-02-24,14.4
nakasero,2022-02-25,16.8
nakasero,2022-02-26,19.2
nakasero,2022-02-27,21.6
nakasero,2022-02-28,24.0
nakasero,2022-03-01,26.4
nakasero,2022-03-02,28.8
nakasero,2022-03-03,2.4
nakasero,2022-03-04,4.8
nakasero,2022-03-05,7.2
nakasero,2022-03-06,9.6
nakasero,2022-03-07,12.0
nakasero,2022-03-08,14.4
nakasero,2022-03-09,16.8
nakasero,2022-03-10,19.2
nakasero,2022-03-11,21.6
nakasero,2022-03-12,24.0
nakasero,2022-03-13,26.4
nakasero,2022-03-14,28.8
nakasero,2022-03-15,2.4
nakasero,2022-03-16,4.8
nakasero,2022-03-17,7.2
nakasero,2022-03-18,9.6
nakasero,2022-03-19,12.0
nakasero,2022-03-20,14.4
nakasero,2022-03-21,16.8
nakasero,2022-03-22,19.2
nakasero,2022-03-23,21.6
nakasero,2022-03-24,24.0
nakasero,2022-03-25,26.4
nakasero,2022-03-26,28.8
nakasero,2022-03-27,2.4
nakasero,2022-03-28,4.8
nakasero,2022-03-29,7.2
nakasero,2022-03-30,9.6
nakasero,2022-03-31,12.0
nakasero,2022-04-01,14.4
nakasero,2022-04-02,16.8
nakasero,2022-04-03,19.2
nakasero,2022-04-04,21.6
nakasero,2022-04-05,24.0
nakasero,2022-04-06,26.4
nakasero,2022-04-07,28.8
nakasero,2022-04-08,2.4
nakasero,2022-04-09,4.8
nakasero,2022-04-10,7.2
nakasero,2022-04-11,9.6
nakasero,2022-04-12,12.0
nakasero,2022-04-13,14.4
nakasero,2022-04-14,16.8
nakasero,2022-04-15,19.2
nakasero,2022-04-16,21.6
nakasero,2022-04-17,24.0
nakasero,2022-04-18,26.4
nakasero,2022-04-19,28.8
nakasero,2022-04-20,2.4
nakasero,2022-04-21,4.8
nakasero,2022-04-22,7.2
nakasero,2022-04-23,9.6
nakasero,2022-04-24,12.0
nakasero,2022-04-25,14.4
nakasero,2022-04-26,16.8
nakasero,2022-04-27,19.2
nakasero,2022-04-28,21.6
nakasero,2022-04-29,24.0
nakasero,2022-04-30,26.4
nakasero,2022-05-01,28.8
nakasero,2022-05-02,2.4
nakasero,2022-05-03,4.8
nakasero,2022-05-04,7.2
nakasero,2022-05-05,9.6
nakasero,2022-05-06,12.0
nakasero,2022-05-07,14.4
nakasero,2022-05-08,16.8
nakasero,2022-05-09,19.2
nakasero,2022-05-10,21.6
nakasero,2022-05-11,24.0
nakasero,2022-05-12,26.4
nakasero,2022-05-13,28.8
nakasero,2022-05-14,2.4
nakasero,2022-05-15,4.8
nakasero,2022-05-16,7.2
nakasero,2022-05-17,9.6
nakasero,2022-05-18,12.0
nakasero,2022-05-19,14.4
nakasero,2022-05-20,16.8
nakasero,2022-05-21,19.2
nakasero,2022-05-22,21.6
nakasero,2022-05-23,24.0
nakasero,2022-05-24,26.4
nakasero,2022-05-25,28.8
nakasero,2022-05-26,2.4
nakasero,2022-05-27,4.8
nakasero,2022-05-28,7.2
nakasero,2022-05-29,9.6
nakasero,2022-05-30,12.0
nakasero,2022-05-31,14.4
nakasero,2022-06-01,16.8
nakasero,2022-06-02,19.2
nakasero,2022-06-03,21.6
nakasero,2022-06-04,24.0
nakasero,2022-06-05,26.4
nakasero,2022-06-06,28.8
nakasero,2022-06-07,2.4
nakasero,2022-06-08,4.8
nakasero,2022-06-09,7.2
nakasero,2022-06-10,9.6
nakasero,2022-06-11,12.0
nakasero,2022-06-12,14.4
nakasero,2022-06-13,16.8
nakasero,2022-06-14,19.2
nakasero,2022-06-15,21.6
nakasero,2022-06-16,24.0
nakasero,2022-06-17,26.4
nakasero,2022-06-18,28.8
nakasero,2022-06-19,2.4
nakasero,2022-06-20,4.8
nakasero,2022-06-21,7.2
nakasero,2022-06-22,9.6
nakasero,2022-06-23,12.0
nakasero,2022-06-24,14.4
nakasero,2022-06-25,16.8
nakasero,2022-06-26,19.2
nakasero,2022-06-27,21.6
nakasero,2022-06-28,24.0
nakasero,2022-06-29,26.4
nakasero,2022-06-30,28.8
kansanga,2020-01-01,3.1
kansanga,2020-01-02,6.2
kansanga,2020-01-03,9.3
kansanga,2020-01-04,12.4
kansanga,2020-01-05,15.5
kansanga,2020-01-06,18.6
kansanga,2020-01-07,21.7
kansanga,2020-01-08,24.8
kansanga,2020-01-09,27.9
kansanga,2020-01-10,31.0
kansanga,2020-01-11,34.1
kansanga,2020-01-12,37.2
kansanga,2020-01-13,3.1
kansanga,2020-01-14,6.2
kansanga,2020-01-15,9.3
kansanga,2020-01-16,12.4
kansanga,2020-01-17,15.5
kansanga,2020-01-18,18.6
kansanga,2020-01-19,21.7
kansanga,2020-01-20,24.8
kansanga,2020-01-21,27.9
kansanga,2020-01-22,31.0
kansanga,2020-01-23,34.1
kansanga,2020-01-24,37.2
kansanga,2020-01-25,3.1
kansanga,2020-01-26,6.2
kansanga,2020-01-27,9.3
kansanga,2020-01-28,12.4
kansanga,2020-01-29,15.5
kansanga,2020-01-30,18.6
kansanga,2020-01-31,21.7
kansanga,2020-02-01,24.8
kansanga,2020-02-02,27.9
kansanga,2020-02-03,31.0
kansanga,2020-02-04,34.1
kansanga,2020-02-05,37.2
kansanga,2020-02-06,3.1
kansanga,2020-02-07,6.2
kansanga,2020-02-08,9.3
kansanga,2020-02-09,12.4
kansanga,2020-02-10,15.5
kansanga,2020-02-11,18.6
kansanga,2020-02-12,21.7
kansanga,2020-02-13,24.8
kansanga,2020-02-14,27.9
kansanga,2020-02-15,31.0
kansanga,2020-02-16,34.1
kansanga,2020-02-17,37.2
kansanga,2020-02-18,3.1
kansanga,2020-02-19,6.2
kansanga,2020-02-20,9.3
kansanga,2020-02-21,12.4
kansanga,2020-02-22,15.5
kansanga,2020-02-23,18.6
kansanga,2020-02-24,21.7
kansanga,2020-02-25,24.8
kansanga,2020-02-26,27.9
kansanga,2020-02-27,31.0
kansanga,2020-02-28,34.1
kansanga,2020-02-29,37.2
kansanga,2020-03-01,3.1
kansanga,2020-03-02,6.2
kansanga,2020-03-03,9.3
kansanga,2020-03-04,12.4
kansanga,2020-03-05,15.5
kansanga,2020-03-06,18.6
kansanga,2020-03-07,21.7
kansanga,2020-03-08,24.8
kansanga,2020-03-09,27.9
kansanga,2020-03-10,31.0
kansanga,2020-03-11,34.1
kansanga,2020-03-12,37.2
kansanga,2020-03-13,3.1
kansanga,2020-03-14,6.2
kansanga,2020-03-15,9.3
kansanga,2020-03-16,12.4
kansanga,2020-03-17,15.5
kansanga,2020-03-18,18.6
kansanga,2020-03-19,21.7
kansanga,2020-03-20,24.8
kansanga,2020-03-21,27.9
kansanga,2020-03-22,31.0
kansanga,2020-03-23,34.1
kansanga,2020-03-24,37.2
kansanga,2020-03-25,3.1
kansanga,2020-03-26,6.2
kansanga,2020-03-27,9.3
kansanga,2020-03-28,12.4
kansanga,2020-03-29,15.5
kansanga,2020-03-30,18.6
kansanga,2020-03-31,21.7
kansanga,2020-04-01,24.8
kansanga,2020-04-02,27.9
kansanga,2020-04-03,31.0
kansanga,2020-04-04,34.1
kansanga,2020-04-05,37.2
kansanga,2020-04-06,3.1
kansanga,2020-04-07,6.2
kansanga,2020-04-08,9.3
kansanga,2020-04-09,12.4
kansanga,2020-04-10,15.5
kansanga,2020-04-11,18.6
kansanga,2020-04-12,21.7
kansanga,2020-04-13,24.8
kansanga,2020-04-14,27.9
kansanga,2020-04-15,31.0
kansanga,2020-04-16,34.1
kansanga,2020-04-17,37.2
kansanga,2020-04-18,3.1
kansanga,2020-04-19,6.2
kansanga,2020-04-20,9.3
kansanga,2020-04-21,12.4
kansanga,2020-04-22,15.5
kansanga,2020-04-23,18.6
kansanga,2020-04-24,21.7
kansanga,2020-04-25,24.8
kansanga,2020-04-26,27.9
kansanga,2020-04-27,31.0
kansanga,2020-04-28,34.1
kansanga,2020-04-29,37.2
kansanga,2020-04-30,3.1
kansanga,2020-05-01,6.2
kansanga,2020-05-02,9.3
kansanga,2020-05-03,12.4
kansanga,2020-05-04,15.5
kansanga,2020-05-05,18.6
kansanga,2020-05-06,21.7
kansanga,2020-05-07,24.8
kansanga,2020-05-08,27.9
kansanga,2020-05-09,31.0
kansanga,2020-05-10,34.1
kansanga,2020-05-11,37.2
kansanga,2020-05-12,3.1
kansanga,2020-05-13,6.2
kansanga,2020-05-14,9.3
kansanga,2020-05-15,12.4
kansanga,2020-05-16,15.5
kansanga,2020-05-17,18.6
kansanga,2020-05-18,21.7
kansanga,2020-05-19,24.8
kansanga,2020-05-20,27.9
kansanga,2020-05-21,31.0
kansanga,2020-05-22,34.1
kansanga,2020-05-23,37.2
kansanga,2020-05-24,3.1
kansanga,2020-05-25,6.2
kansanga,2020-05-26,9.3
kansanga,2020-05-27,12.4
kansanga,2020-05-28,15.5
kansanga,2020-05-29,18.6
kansanga,2020-05-30,21.7
kansanga,2020-05-31,24.8
kansanga,2020-06-01,27.9
kansanga,2020-06-02,31.0
kansanga,2020-06-03,34.1
kansanga,2020-06-04,37.2
kansanga,2020-06-05,3.1
kansanga,2020-06-06,6.2
kansanga,2020-06-07,9.3
kansanga,2020-06-08,12.4
kansanga,2020-06-09,15.5
kansanga,2020-06-10,18.6
kansanga,2020-06-11,21.7
kansanga,2020-06-12,24.8
kansanga,2020-06-13,27.9
kansanga,2020-06-14,31.0
kansanga,2020-06-15,34.1
kansanga,2020-06-16,37.2
kansanga,2020-06-17,3.1
kansanga,2020-06-18,6.2
kansanga,2020-06-19,9.3
kansanga,2020-06-20,12.4
kansanga,2020-06-21,15.5
kansanga,2020-06-22,18.6
kansanga,2020-06-23,21.7
kansanga,2020-06-24,24.8
kansanga,2020-06-25,27.9
kansanga,2020-06-26,31.0
kansanga,2020-06-27,34.1
kansanga,2020-06-28,37.2
kansanga,2020-06-29,3.1
kansanga,2020-06-30,6.2
kansanga,2020-07-01,9.3
kansanga,2020-07-02,12.4
kansanga,2020-07-03,15.5
kansanga,2020-07-04,18.6
kansanga,2020-07-05,21.7
kansanga,2020-07-06,24.8
kansanga,2020-07-07,27.9
kansanga,2020-07-08,31.0
kansanga,2020-07-09,34.1
kansanga,2020-07-10,37.2
kansanga,2020-07-11,3.1
kansanga,2020-07-12,6.2
kansanga,2020-07-13,9.3
kansanga,2020-07-14,12.4
kansanga,2020-07-15,15.5
kansanga,2020-07-16,18.6
kansanga,2020-07-17,21.7
kansanga,2020-07-18,24.8
kansanga,2020-07-19,27.9
kansanga,2020-07-20,31.0
kansanga,2020-07-21,34.1
kansanga,2020-07-22,37.2
kansanga,2020-07-23,3.1
kansanga,2020-07-24,6.2
kansanga,2020-07-25,9.3
kansanga,2020-07-26,12.4
kansanga,2020-07-27,15.5
kansanga,2020-07-28,18.6
kansanga,2020-07-29,21.7
kansanga,2020-07-30,24.8
kansanga,2020-07-31,27.9
kansanga,2020-08-01,31.0
kansanga,2020-08-02,34.1
kansanga,2020-08-03,37.2
kansanga,2020-08-04,3.1
kansanga,2020-08-05,6.2
kansanga,2020-08-06,9.3
kansanga,2020-08-07,12.4
kansanga,2020-08-08,15.5
kansanga,2020-08-09,18.6
kansanga,2020-08-10,21.7
kansanga,2020-08-11,24.8
kansanga,2020-08-12,27.9
kansanga,2020-08-13,31.0
kansanga,2020-08-14,34.1
kansanga,2020-08-15,37.2
kansanga,2020-08-16,3.1
kansanga,2020-08-17,6.2
kansanga,2020-08-18,9.3
kansanga,2020-08-19,12.4
kansanga,2020-08-20,15.5
kansanga,2020-08-21,18.6
kansanga,2020-08-22,21.7
kansanga,2020-08-23,24.8
kansanga,2020-08-24,27.9
kansanga,2020-08-25,31.0
kansanga,2020-08-26,34.1
kansanga,2020-08-27,37.2
kansanga,2020-08-28,3.1
kansanga,2020-08-29,6.2
kansanga,2020-08-30,9.3
kansanga,2020-08-31,12.4
kansanga,2020-09-01,15.5
kansanga,2020-09-02,18.6
kansanga,2020-09-03,21.7
kansanga,2020-09-04,24.8
kansanga,2020-09-05,27.9
kansanga,2020-09-06,31.0
kansanga,2020-09-07,34.1
kansanga,2020-09-08,37.2
kansanga,2020-09-09,3.1
kansanga,2020-09-10,6.2
kansanga,2020-09-11,9.3
kansanga,2020-09-12,12.4
kansanga,2020-09-13,15.5
kansanga,2020-09-14,18.6
kansanga,2020-09-15,21.7
kansanga,2020-09-16,24.8
kansanga,2020-09-17,27.9
kansanga,2020-09-18,31.0
kansanga,2020-09-19,34.1
kansanga,2020-09-20,37.2
kansanga,2020-09-21,3.1
kansanga,2020-09-22,6.2
kansanga,2020-09-23,9.3
kansanga,2020-09-24,12.4
kansanga,2020-09-25,15.5
kansanga,2020-09-26,18.6
kansanga,2020-09-27,21.7
kansanga,2020-09-28,24.8
kansanga,2020-09-29,27.9
kansanga,2020-09-30,31.0
kansanga,2020-10-01,34.1
kansanga,2020-10-02,37.2
kansanga,2020-10-03,3.1
kansanga,2020-10-04,6.2
kansanga,2020-10-05,9.3
kansanga,2020-10-06,12.4
kansanga,2020-10-07,15.5
kansanga,2020-10-08,18.6
kansanga,2020-10-09,21.7
kansanga,2020-10-10,24.8
kansanga,2020-10-11,27.9
kansanga,2020-10-12,31.0
kansanga,2020-10-13,34.1
kansanga,2020-10-14,37.2
kansanga,2020-10-15,3.1
kansanga,2020-10-16,6.2
kansanga,2020-10-17,9.3
kansanga,2020-10-18,12.4
kansanga,2020-10-19,15.5
kansanga,2020-10-20,18.6
kansanga,2020-10-21,21.7
kansanga,2020-10-22,24.8
kansanga,2020-10-23,27.9
kansanga,2020-10-24,31.0
kansanga,2020-10-25,34.1
kansanga,2020-10-26,37.2
kansanga,2020-10-27,3.1
kansanga,2020-10-28,6.2
kansanga,2020-10-29,9.3
kansanga,2020-10-30,12.4
kansanga,2020-10-31,15.5
kansanga,2020-11-01,18.6
kansanga,2020-11-02,21.7
kansanga,2020-11-03,24.8
kansanga,2020-11-04,27.9
kansanga,2020-11-05,31.0
kansanga,2020-11-06,34.1
kansanga,2020-11-07,37.2
kansanga,2020-11-08,3.1
kansanga,2020-11-09,6.2
kansanga,2020-11-10,9.3
kansanga,2020-11-11,12.4
kansanga,2020-11-12,15.5
kansanga,2020-11-13,18.6
kansanga,2020-11-14,21.7
kansanga,2020-11-15,24.8
kansanga,2020-11-16,27.9
kansanga,2020-11-17,31.0
kansanga,2020-11-18,34.1
kansanga,2020-11-19,37.2
kansanga,2020-11-20,3.1
kansanga,2020-11-21,6.2
kansanga,2020-11-22,9.3
kansanga,2020-11-23,12.4
kansanga,2020-11-24,15.5
kansanga,2020-11-25,18.6
kansanga,2020-11-26,21.7
kansanga,2020-11-27,24.8
kansanga,2020-11-28,27.9
kansanga,2020-11-29,31.0
kansanga,2020-11-30,34.1
kansanga,2020-12-01,37.2
kansanga,2020-12-02,3.1
kansanga,2020-12-03,6.2
kansanga,2020-12-04,9.3
kansanga,2020-12-05,12.4
kansanga,2020-12-06,15.5
kansanga,2020-12-07,18.6
kansanga,2020-12-08,21.7
kansanga,2020-12-09,24.8
kansanga,2020-12-10,27.9
kansanga,2020-12-11,31.0
kansanga,2020-12-12,34.1
kansanga,2020-12-13,37.2
kansanga,2020-12-14,3.1
kansanga,2020-12-15,6.2
kansanga,2020-12-16,9.3
kansanga,2020-12-17,12.4
kansanga,2020-12-18,15.5
kansanga,2020-12-19,18.6
kansanga,2020-12-20,21.7
kansanga,2020-12-21,24.8
kansanga,2020-12-22,27.9
kansanga,2020-12-23,31.0
kansanga,2020-12-24,34.1
kansanga,2020-12-25,37.2
kansanga,2020-12-26,3.1
kansanga,2020-12-27,6.2
kansanga,2020-12-28,9.3
kansanga,2020-12-29,12.4
kansanga,2020-12-30,15.5
kansanga,2020-12-31,18.6
kansanga,2021-01-01,21.7
kansanga,2021-01-02,24.8
kansanga,2021-01-03,27.9
kansanga,2021-01-04,31.0
kansanga,2021-01-05,34.1
kansanga,2021-01-06,37.2
kansanga,2021-01-07,3.1
kansanga,2021-01-08,6.2
kansanga,2021-01-09,9.3
kansanga,2021-01-10,12.4
kansanga,2021-01-11,15.5
kansanga,2021-01-12,18.6
kansanga,2021-01-13,21.7
kansanga,2021-01-14,24.8
kansanga,2021-01-15,27.9
kansanga,2021-01-16,31.0
kansanga,2021-01-17,34.1
kansanga,2021-01-18,37.2
kansanga,2021-01-19,3.1
kansanga,2021-01-20,6.2
kansanga,2021-01-21,9.3
kansanga,2021-01-22,12.4
kansanga,2021-01-23,15.5
kansanga,2021-01-24,18.6
kansanga,2021-01-25,21.7
kansanga,2021-01-26,24.8
kansanga,2021-01-27,27.9
kansanga,2021-01-28,31.0
kansanga,2021-01-29,34.1
kansanga,2021-01-30,37.2
kansanga,2021-01-31,3.1
kansanga,2021-02-01,6.2
kansanga,2021-02-02,9.3
kansanga,2021-02-03,12.4
kansanga,2021-02-04,15.5
kansanga,2021-02-05,18.6
kansanga,2021-02-06,21.7
kansanga,2021-02-07,24.8
kansanga,2021-02-08,27.9
kansanga,2021-02-09,31.0
kansanga,2021-02-10,34.1
kansanga,2021-02-11,37.2
kansanga,2021-02-12,3.1
kansanga,2021-02-13,6.2
kansanga,2021-02-14,9.3
kansanga,2021-02-15,12.4
kansanga,2021-02-16,15.5
kansanga,2021-02-17,18.6
kansanga,2021-02-18,21.7
kansanga,2021-02-19,24.8
kansanga,2021-02-20,27.9
kansanga,2021-02-21,31.0
kansanga,2021-02-22,34.1
kansanga,2021-02-23,37.2
kansanga,2021-02-24,3.1
kansanga,2021-02-25,6.2
kansanga,2021-02-26,9.3
kansanga,2021-02-27,12.4
kansanga,2021-02-28,15.5
kansanga,2021-03-01,18.6
kansanga,2021-03-02,21.7
kansanga,2021-03-03,24.8
kansanga,2021-03-04,27.9
kansanga,2021-03-05,31.0
kansanga,2021-03-06,34.1
kansanga,2021-03-07,37.2
kansanga,2021-03-08,3.1
kansanga,2021-03-09,6.2
kansanga,2021-03-10,9.3
kansanga,2021-03-11,12.4
kansanga,2021-03-12,15.5
kansanga,2021-03-13,18.6
kansanga,2021-03-14,21.7
kansanga,2021-03-15,24.8
kansanga,2021-03-16,27.9
kansanga,2021-03-17,31.0
kansanga,2021-03-18,34.1
kansanga,2021-03-19,37.2
kansanga,2021-03-20,3.1
kansanga,2021-03-21,6.2
kansanga,2021-03-22,9.3
kansanga,2021-03-23,12.4
kansanga,2021-03-24,15.5
kansanga,2021-03-25,18.6
kansanga,2021-03-26,21.7
kansanga,2021-03-27,24.8
kansanga,2021-03-28,27.9
kansanga,2021-03-29,31.0
kansanga,2021-03-30,34.1
kansanga,2021-03-31,37.2
kansanga,2021-04-01,3.1
kansanga,2021-04-02,6.2
kansanga,2021-04-03,9.3
kansanga,2021-04-04,12.4
kansanga,2021-04-05,15.5
kansanga,2021-04-06,18.6
kansanga,2021-04-07,21.7
kansanga,2021-04-08,24.8
kansanga,2021-04-09,27.9
kansanga,2021-04-10,31.0
kansanga,2021-04-11,34.1
kansanga,2021-04-12,37.2
kansanga,2021-04-13,3.1
kansanga,2021-04-14,6.2
kansanga,2021-04-15,9.3
kansanga,2021-04-16,12.4
kansanga,2021-04-17,15.5
kansanga,2021-04-18,18.6
kansanga,2021-04-19,21.7
kansanga,2021-04-20,24.8
kansanga,2021-04-21,27.9
kansanga,2021-04-22,31.0
kansanga,2021-04-23,34.1
kansanga,2021-04-24,37.2
kansanga,2021-04-25,3.1
kansanga,2021-04-26,6.2
kansanga,2021-04-27,9.3
kansanga,2021-04-28,12.4
kansanga,2021-04-29,15.5
kansanga,2021-04-30,18.6
kansanga,2021-05-01,21.7
kansanga,2021-05-02,24.8
kansanga,2021-05-03,27.9
kansanga,2021-05-04,31.0
kansanga,2021-05-05,34.1
kansanga,2021-05-06,37.2
kansanga,2021-05-07,3.1
kansanga,2021-05-08,6.2
kansanga,2021-05-09,9.3
kansanga,2021-05-10,12.4
kansanga,2021-05-11,15.5
kansanga,2021-05-12,18.6
kansanga,2021-05-13,21.7
kansanga,2021-05-14,24.8
kansanga,2021-05-15,27.9
kansanga,2021-05-16,31.0
kansanga,2021-05-17,34.1
kansanga,2021-05-18,37.2
kansanga,2021-05-19,3.1
kansanga,2021-05-20,6.2
kansanga,2021-05-21,9.3
kansanga,2021-05-22,12.4
kansanga,2021-05-23,15.5
kansanga,2021-05-24,18.6
kansanga,2021-05-25,21.7
kansanga,2021-05-26,24.8
kansanga,2021-05-27,27.9
kansanga,2021-05-28,31.0
kansanga,2021-05-29,34.1
kansanga,2021-05-30,37.2
kansanga,2021-05-31,3.1
kansanga,2021-06-01,6.2
kansanga,2021-06-02,9.3
kansanga,2021-06-03,12.4
kansanga,2021-06-04,15.5
kansanga,2021-06-05,18.6
kansanga,2021-06-06,21.7
kansanga,2021-06-07,24.8
kansanga,2021-06-08,27.9
kansanga,2021-06-09,31.0
kansanga,2021-06-10,34.1
kansanga,2021-06-11,37.2
kansanga,2021-06-12,3.1
kansanga,2021-06-13,6.2
kansanga,2021-06-14,9.3
kansanga,2021-06-15,12.4
kansanga,2021-06-16,15.5
kansanga,2021-06-17,18.6
kansanga,2021-06-18,21.7
kansanga,2021-06-19,24.8
kansanga,2021-06-20,27.9
kansanga,2021-06-21,31.0
kansanga,2021-06-22,34.1
kansanga,2021-06-23,37.2
kansanga,2021-06-24,3.1
kansanga,2021-06-25,6.2
kansanga,2021-06-26,9.3
kansanga,2021-06-27,12.4
kansanga,2021-06-28,15.5
kansanga,2021-06-29,18.6
kansanga,2021-06-30,21.7
kansanga,2021-07-01,24.8
kansanga,2021-07-02,27.9
kansanga,2021-07-03,31.0
kansanga,2021-07-04,34.1
kansanga,2021-07-05,37.2
kansanga,2021-07-06,3.1
kansanga,2021-07-07,6.2
kansanga,2021-07-08,9.3
kansanga,2021-07-09,12.4
kansanga,2021-07-10,15.5
kansanga,2021-07-11,18.6
kansanga,2021-07-12,21.7
kansanga,2021-07-13,24.8
kansanga,2021-07-14,27.9
kansanga,2021-07-15,31.0
kansanga,2021-07-16,34.1
kansanga,2021-07-17,37.2
kansanga,2021-07-18,3.1
kansanga,2021-07-19,6.2
kansanga,2021-07-20,9.3
kansanga,2021-07-21,12.4
kansanga,2021-07-22,15.5
kansanga,2021-07-23,18.6
kansanga,2021-07-24,21.7
kansanga,2021-07-25,24.8
kansanga,2021-07-26,27.9
kansanga,2021-07-27,31.0
kansanga,2021-07-28,34.1
kansanga,2021-07-29,37.2
kansanga,2021-07-30,3.1
kansanga,2021-07-31,6.2
kansanga,2021-08-01,9.3
kansanga,2021-08-02,12.4
kansanga,2021-08-03,15.5
kansanga,2021-08-04,18.6
kansanga,2021-08-05,21.7
kansanga,2021-08-06,24.8
kansanga,2021-08-07,27.9
kansanga,2021-08-08,31.0
kansanga,2021-08-09,34.1
kansanga,2021-08-10,37.2
kansanga,2021-08-11,3.1
kansanga,2021-08-12,6.2
kansanga,2021-08-13,9.3
kansanga,2021-08-14,12.4
kansanga,2021-08-15,15.5
kansanga,2021-08-16,18.6
kansanga,2021-08-17,21.7
kansanga,2021-08-18,24.8
kansanga,2021-08-19,27.9
kansanga,2021-08-20,31.0
kansanga,2021-08-21,34.1
kansanga,2021-08-22,37.2
kansanga,2021-08-23,3.1
kansanga,2021-08-24,6.2
kansanga,2021-08-25,9.3
kansanga,2021-08-26,12.4
kansanga,2021-08-27,15.5
kansanga,2021-08-28,18.6
kansanga,2021-08-29,21.7
kansanga,2021-08-30,24.8
kansanga,2021-08-31,27.9
kansanga,2021-09-01,31.0
kansanga,2021-09-02,34.1
kansanga,2021-09-03,37.2
kansanga,2021-09-04,3.1
kansanga,2021-09-05,6.2
kansanga,2021-09-06,9.3
kansanga,2021-09-07,12.4
kansanga,2021-09-08,15.5
kansanga,2021-09-09,18.6
kansanga,2021-09-10,21.7
kansanga,2021-09-11,24.8
kansanga,2021-09-12,27.9
kansanga,2021-09-13,31.0
kansanga,2021-09-14,34.1
kansanga,2021-09-15,37.2
kansanga,2021-09-16,3.1
kansanga,2021-09-17,6.2
kansanga,2021-09-18,9.3
kansanga,2021-09-19,12.4
kansanga,2021-09-20,15.5
kansanga,2021-09-21,18.6
kansanga,2021-09-22,21.7
kansanga,2021-09-23,24.8
kansanga,2021-09-24,27.9
kansanga,2021-09-25,31.0
kansanga,2021-09-26,34.1
kansanga,2021-09-27,37.2
kansanga,2021-09-28,3.1
kansanga,2021-09-29,6.2
kansanga,2021-09-30,9.3
kansanga,2021-10-01,12.4
kansanga,2021-10-02,15.5
kansanga,2021-10-03,18.6
kansanga,2021-10-04,21.7
kansanga,2021-10-05,24.8
kansanga,2021-10-06,27.9
kansanga,2021-10-07,31.0
kansanga,2021-10-08,34.1
kansanga,2021-10-09,37.2
kansanga,2021-10-10,3.1
kansanga,2021-10-11,6.2
kansanga,2021-10-12,9.3
kansanga,2021-10-13,12.4
kansanga,2021-10-14,15.5
kansanga,2021-10-15,18.6
kansanga,2021-10-16,21.7
kansanga,2021-10-17,24.8
kansanga,2021-10-18,27.9
kansanga,2021-10-19,31.0
kansanga,2021-10-20,34.1
kansanga,2021-10-21,37.2
kansanga,2021-10-22,3.1
kansanga,2021-10-23,6.2
kansanga,2021-10-24,9.3
kansanga,2021-10-25,12.4
kansanga,2021-10-26,15.5
kansanga,2021-10-27,18.6
kansanga,2021-10-28,21.7
kansanga,2021-10-29,24.8
kansanga,2021-10-30,27.9
kansanga,2021-10-31,31.0
kansanga,2021-11-01,34.1
kansanga,2021-11-02,37.2
kansanga,2021-11-03,3.1
kansanga,2021-11-04,6.2
kansanga,2021-11-05,9.3
kansanga,2021-11-06,12.4
kansanga,2021-11-07,15.5
kansanga,2021-11-08,18.6
kansanga,2021-11-09,21.7
kansanga,2021-11-10,24.8
kansanga,2021-11-11,27.9
kansanga,2021-11-12,31.0
kansanga,2021-11-13,34.1
kansanga,2021-11-14,37.2
kansanga,2021-11-15,3.1
kansanga,2021-11-16,6.2
kansanga,2021-11-17,9.3
kansanga,2021-11-18,12.4
kansanga,2021-11-19,15.5
kansanga,2021-11-20,18.6
kansanga,2021-11-21,21.7
kansanga,2021-11-22,24.8
kansanga,2021-11-23,27.9
kansanga,2021-11-24,31.0
kansanga,2021-11-25,34.1
kansanga,2021-11-26,37.2
kansanga,2021-11-27,3.1
kansanga,2021-11-28,6.2
kansanga,2021-11-29,9.3
kansanga,2021-11-30,12.4
kansanga,2021-12-01,15.5
kansanga,2021-12-02,18.6
kansanga,2021-12-03,21.7
kansanga,2021-12-04,24.8
kansanga,2021-12-05,27.9
kansanga,2021-12-06,31.0
kansanga,2021-12-07,34.1
kansanga,2021-12-08,37.2
kansanga,2021-12-09,3.1
kansanga,2021-12-10,6.2
kansanga,2021-12-11,9.3
kansanga,2021-12-12,12.4
kansanga,2021-12-13,15.5
kansanga,2021-12-14,18.6
kansanga,2021-12-15,21.7
kansanga,2021-12-16,24.8
kansanga,2021-12-17,27.9
kansanga,2021-12-18,31.0
kansanga,2021-12-19,34.1
kansanga,2021-12-20,37.2
kansanga,2021-12-21,3.1
kansanga,2021-12-22,6.2
kansanga,2021-12-23,9.3
kansanga,2021-12-24,12.4
kansanga,2021-12-25,15.5
kansanga,2021-12-26,18.6
kansanga,2021-12-27,21.7
kansanga,2021-12-28,24.8
kansanga,2021-12-29,27.9
kansanga,2021-12-30,31.0
kansanga,2021-12-31,34.1
kansanga,2022-01-01,37.2
kansanga,2022-01-02,3.1
kansanga,2022-01-03,6.2
kansanga,2022-01-04,9.3
kansanga,2022-01-05,12.4
kansanga,2022-01-06,15.5
kansanga,2022-01-07,18.6
kansanga,2022-01-08,21.7
kansanga,2022-01-09,24.8
kansanga,2022-01-10,27.9
kansanga,2022-01-11,31.0
kansanga,2022-01-12,34.1
kansanga,2022-01-13,37.2
kansanga,2022-01-14,3.1
kansanga,2022-01-15,6.2
kansanga,2022-01-16,9.3
kansanga,2022-01-17,12.4
kansanga,2022-01-18,15.5
kansanga,2022-01-19,18.6
kansanga,2022-01-20,21.7
kansanga,2022-01-21,24.8
kansanga,2022-01-22,27.9
kansanga,2022-01-23,31.0
kansanga,2022-01-24,34.1
kansanga,2022-01-25,37.2
kansanga,2022-01-26,3.1
kansanga,2022-01-27,6.2
kansanga,2022-01-28,9.3
kansanga,2022-01-29,12.4
kansanga,2022-01-30,15.5
kansanga,2022-01-31,18.6
kansanga,2022-02-01,21.7
kansanga,2022-02-02,24.8
kansanga,2022-02-03,27.9
kansanga,2022-02-04,31.0
kansanga,2022-02-05,34.1
kansanga,2022-02-06,37.2
kansanga,2022-02-07,3.1
kansanga,2022-02-08,6.2
kansanga,2022-02-09,9.3
kansanga,2022-02-10,12.4
kansanga,2022-02-11,15.5
kansanga,2022-02-12,18.6
kansanga,2022-02-13,21.7
kansanga,2022-02-14,24.8
kansanga,2022-02-15,27.9
kansanga,2022-02-16,31.0
kansanga,2022-02-17,34.1
kansanga,2022-02-18,37.2
kansanga,2022-02-19,3.1
kansanga,2022-02-20,6.2
kansanga,2022-02-21,9.3
kansanga,2022-02-22,12.4
kansanga,2022-02-23,15.5
kansanga,2022-02-24,18.6
kansanga,2022-02-25,21.7
kansanga,2022-02-26,24.8
kansanga,2022-02-27,27.9
kansanga,2022-02-28,31.0
kansanga,2022-03-01,34.1
kansanga,2022-03-02,37.2
kansanga,2022-03-03,3.1
kansanga,2022-03-04,6.2
kansanga,2022-03-05,9.3
kansanga,2022-03-06,12.4
kansanga,2022-03-07,15.5
kansanga,2022-03-08,18.6
kansanga,2022-03-09,21.7
kansanga,2022-03-10,24.8
kansanga,2022-03-11,27.9
kansanga,2022-03-12,31.0
kansanga,2022-03-13,34.1
kansanga,2022-03-14,37.2
kansanga,2022-03-15,3.1
kansanga,2022-03-16,6.2
kansanga,2022-03-17,9.3
kansanga,2022-03-18,12.4
kansanga,2022-03-19,15.5
kansanga,2022-03-20,18.6
kansanga,2022-03-21,21.7
kansanga,2022-03-22,24.8
kansanga,2022-03-23,27.9
kansanga,2022-03-24,31.0
kansanga,2022-03-25,34.1
kansanga,2022-03-26,37.2
kansanga,2022-03-27,3.1
kansanga,2022-03-28,6.2
kansanga,2022-03-29,9.3
kansanga,2022-03-30,12.4
kansanga,2022-03-31,15.5
kansanga,2022-04-01,18.6
kansanga,2022-04-02,21.7
kansanga,2022-04-03,24.8
kansanga,2022-04-04,27.9
kansanga,2022-04-05,31.0
kansanga,2022-04-06,34.1
kansanga,2022-04-07,37.2
kansanga,2022-04-08,3.1
kansanga,2022-04-09,6.2
kansanga,2022-04-10,9.3
kansanga,2022-04-11,12.4
kansanga,2022-04-12,15.5
kansanga,2022-04-13,18.6
kansanga,2022-04-14,21.7
kansanga,2022-04-15,24.8
kansanga,2022-04-16,27.9
kansanga,2022-04-17,31.0
kansanga,2022-04-18,34.1
kansanga,2022-04-19,37.2
kansanga,2022-04-20,3.1
kansanga,2022-04-21,6.2
kansanga,2022-04-22,9.3
kansanga,2022-04-23,12.4
kansanga,2022-04-24,15.5
kansanga,2022-04-25,18.6
kansanga,2022-04-26,21.7
kansanga,2022-04-27,24.8
kansanga,2022-04-28,27.9
kansanga,2022-04-29,31.0
kansanga,2022-04-30,34.1
kansanga,2022-05-01,37.2
kansanga,2022-05-02,3.1
kansanga,2022-05-03,6.2
kansanga,2022-05-04,9.3
kansanga,2022-05-05,12.4
kansanga,2022-05-06,15.5
kansanga,2022-05-07,18.6
kansanga,2022-05-08,21.7
kansanga,2022-05-09,24.8
kansanga,2022-05-10,27.9
kansanga,2022-05-11,31.0
kansanga,2022-05-12,34.1
kansanga,2022-05-13,37.2
kansanga,2022-05-14,3.1
kansanga,2022-05-15,6.2
kansanga,2022-05-16,9.3
kansanga,2022-05-17,12.4
kansanga,2022-05-18,15.5
kansanga,2022-05-19,18.6
kansanga,2022-05-20,21.7
kansanga,2022-05-21,24.8
kansanga,2022-05-22,27.9
kansanga,2022-05-23,31.0
kansanga,2022-05-24,34.1
kansanga,2022-05-25,37.2
kansanga,2022-05-26,3.1
kansanga,2022-05-27,6.2
kansanga,2022-05-28,9.3
kansanga,2022-05-29,12.4
kansanga,2022-05-30,15.5
kansanga,2022-05-31,18.6
kansanga,2022-06-01,21.7
kansanga,2022-06-02,24.8
kansanga,2022-06-03,27.9
kansanga,2022-06-04,31.0
kansanga,2022-06-05,34.1
kansanga,2022-06-06,37.2
kansanga,2022-06-07,3.1
kansanga,2022-06-08,6.2
kansanga,2022-06-09,9.3
kansanga,2022-06-10,12.4
kansanga,2022-06-11,15.5
kansanga,2022-06-12,18.6
kansanga,2022-06-13,21.7
kansanga,2022-06-14,24.8
kansanga,2022-06-15,27.9
kansanga,2022-06-16,31.0
kansanga,2022-06-17,34.1
kansanga,2022-06-18,37.2
kansanga,2022-06-19,3.1
kansanga,2022-06-20,6.2
kansanga,2022-06-21,9.3
kansanga,2022-06-22,12.4
kansanga,2022-06-23,15.5
kansanga,2022-06-24,18.6
kansanga,2022-06-25,21.7
kansanga,2022-06-26,24.8
kansanga,2022-06-27,27.9
kansanga,2022-06-28,31.0
kansanga,2022-06-29,34.1
kansanga,2022-06-30,37.2
